instruction,question,answer,case_number,year,appeal_status,status
أنت مستشار قانوني سعودي، متخصص في الدعاوى (مطالبة مالية تجارية (ثمن بضاعة)) وتحديداً في مسائل (حجية الكشف والمصادقة على الرصيد المذيل بختم المدعى عليه كبينة لإثبات المبالغ المستحقة في المنازعات التجارية، وذلك بموجب المادة 29 من نظام الإثبات.). تقدم إجابات دقيقة.,ما هي القيمة الإثباتية لـ 'الكشف والمصادقة على الرصيد' في دعاوى المطالبة المالية التجارية؟,"يعتبر 'الكشف والمصادقة على الرصيد' بينة قوية وحجة على المدعى عليه لإثبات المبالغ المستحقة في المنازعات التجارية، خاصة إذا كان مذيلاً بختمه أو ما يفيد موافقته، وذلك استناداً للمادة 29 من نظام الإثبات.

(المصدر: حكم رقم 4670170083 لعام 1446هـ | نسبة تأكيد الربط: 23.5%)",4670170083,1446,,pending
أنت مستشار قانوني سعودي، متخصص في الدعاوى (مطالبة مالية تجارية (ثمن بضاعة)) وتحديداً في مسائل (حجية الكشف والمصادقة على الرصيد المذيل بختم المدعى عليه كبينة لإثبات المبالغ المستحقة في المنازعات التجارية، وذلك بموجب المادة 29 من نظام الإثبات.). تقدم إجابات دقيقة.,أنا صاحب شركة قمت بتوريد بضائع لشركة أخرى، ولدي كشوفات رصيد موقعة ومختومة من قبلهم تثبت المبالغ المتبقية في ذمتهم، لكنهم يرفضون السداد. ما هي فرصي في المحكمة التجارية؟,"فرصك قوية جداً في المحكمة التجارية. إن كشوفات الرصيد الموقعة والمختومة من قبل الشركة المدعى عليها تعد بينة دامغة لإثبات المبالغ المستحقة، وستلزم المحكمة المدعى عليها بالسداد بناءً على هذه البينة القوية، خاصة في حال عدم تقديمها ما يدحضها.

(المصدر: حكم رقم 4670170083 لعام 1446هـ | نسبة تأكيد الربط: 23.5%)",4670170083,1446,,pending
أنت مستشار قانوني سعودي، متخصص في الدعاوى (مطالبة مالية تجارية (ثمن بضاعة)) وتحديداً في مسائل (حجية الكشف والمصادقة على الرصيد المذيل بختم المدعى عليه كبينة لإثبات المبالغ المستحقة في المنازعات التجارية، وذلك بموجب المادة 29 من نظام الإثبات.). تقدم إجابات دقيقة.,ما هي الإجراءات القضائية المتبعة عند تقديم 'الكشف والمصادقة على الرصيد' كبينة في دعوى مطالبة مالية تجارية، وما هو تأثير عدم حضور المدعى عليه أو عدم تقديمه مذكرة دفاع؟,"عند تقديم 'الكشف والمصادقة على الرصيد' كبينة، تتحقق الدائرة القضائية من صحتها وقوتها الإثباتية. وفي حال عدم حضور المدعى عليه رغم تبلغه أو عدم تقديمه مذكرة دفاعية، فإن ذلك يعزز من صحة دعوى المدعي والبينة المقدمة، وقد يؤدي إلى إصدار حكم حضوري بإلزام المدعى عليه بالمبلغ المطالب به بناءً على البينة المقدمة وعدم وجود ما يدحضها.

(المصدر: حكم رقم 4670170083 لعام 1446هـ | نسبة تأكيد الربط: 23.5%)",4670170083,1446,,pending
أنت مستشار قانوني سعودي، متخصص في الدعاوى (دعوى تجارية - إبطال قرار جمعية عمومية لشركة ذات مسؤولية محدودة) وتحديداً في مسائل (يُبطل قرار الجمعية العمومية للشركاء في الشركات ذات المسؤولية المحدودة إذا صدر بمخالفة لأحكام نظام الشركات أو عقد تأسيس الشركة، ومن ذلك عدم الالتزام بالمدة النظامية للدعوة للاجتماع (21 يوماً) أو عدم توفر الأغلبية المطلوبة نظاماً لإصدار القرار (أكثر من نصف رأس المال على الأقل).). تقدم إجابات دقيقة.,ما هي الشروط الأساسية لصحة قرارات الجمعية العمومية في الشركات ذات المسؤولية المحدودة وفقاً لنظام الشركات؟,"تتطلب صحة قرارات الجمعية العمومية في الشركات ذات المسؤولية المحدودة الالتزام بمدة دعوة لا تقل عن 21 يوماً قبل موعد الاجتماع، وأن يوافق عليها شريك أو أكثر يمثلون أكثر من نصف رأس المال على الأقل، ما لم ينص عقد التأسيس على نسبة أكبر.

(المصدر: حكم رقم ٤٤٧١١٣٨٥٦٥ لعام ١٤٤٥هـ | نسبة تأكيد الربط: 40.82%)",٤٤٧١١٣٨٥٦٥,١٤٤٥,,pending
أنت مستشار قانوني سعودي، متخصص في الدعاوى (دعوى تجارية - إبطال قرار جمعية عمومية لشركة ذات مسؤولية محدودة) وتحديداً في مسائل (يُبطل قرار الجمعية العمومية للشركاء في الشركات ذات المسؤولية المحدودة إذا صدر بمخالفة لأحكام نظام الشركات أو عقد تأسيس الشركة، ومن ذلك عدم الالتزام بالمدة النظامية للدعوة للاجتماع (21 يوماً) أو عدم توفر الأغلبية المطلوبة نظاماً لإصدار القرار (أكثر من نصف رأس المال على الأقل).). تقدم إجابات دقيقة.,أنا شريك في شركة ذات مسؤولية محدودة، وتم اتخاذ قرار جوهري في جمعية عمومية لم أُبلغ بها إلا قبل يوم واحد من انعقادها، ولم أوافق على القرار. هل يمكنني الطعن في هذا القرار؟,"نعم، يمكنك الطعن في هذا القرار والمطالبة بإبطاله. فالدعوة لانعقاد الجمعية العمومية قبل يوم واحد فقط تخالف المدة النظامية المحددة بـ 21 يوماً، وهذا بحد ذاته سبب كافٍ لإبطال القرار الصادر عنها، بالإضافة إلى أي مخالفات أخرى تتعلق بالأغلبية المطلوبة.

(المصدر: حكم رقم ٤٤٧١١٣٨٥٦٥ لعام ١٤٤٥هـ | نسبة تأكيد الربط: 40.82%)",٤٤٧١١٣٨٥٦٥,١٤٤٥,,pending
أنت مستشار قانوني سعودي، متخصص في الدعاوى (دعوى تجارية - إبطال قرار جمعية عمومية لشركة ذات مسؤولية محدودة) وتحديداً في مسائل (يُبطل قرار الجمعية العمومية للشركاء في الشركات ذات المسؤولية المحدودة إذا صدر بمخالفة لأحكام نظام الشركات أو عقد تأسيس الشركة، ومن ذلك عدم الالتزام بالمدة النظامية للدعوة للاجتماع (21 يوماً) أو عدم توفر الأغلبية المطلوبة نظاماً لإصدار القرار (أكثر من نصف رأس المال على الأقل).). تقدم إجابات دقيقة.,ما هي الإجراءات القضائية المتبعة لإبطال قرار جمعية عمومية لشركة ذات مسؤولية محدودة صدر بمخالفة نظام الشركات؟,"تتمثل الإجراءات القضائية في رفع دعوى أمام المحكمة التجارية المختصة بطلب إبطال قرار الجمعية العمومية، مع تقديم كافة المستندات والبينات التي تثبت المخالفات النظامية، مثل عدم الالتزام بمدة التبليغ القانونية أو عدم توفر الأغلبية المطلوبة لإصدار القرار وفقاً لنظام الشركات وعقد تأسيس الشركة.

(المصدر: حكم رقم ٤٤٧١١٣٨٥٦٥ لعام ١٤٤٥هـ | نسبة تأكيد الربط: 40.82%)",٤٤٧١١٣٨٥٦٥,١٤٤٥,,pending
أنت مستشار قانوني سعودي، متخصص في الدعاوى (نزاع تجاري) وتحديداً في مسائل (تقدير أتعاب التقاضي والتعويض عنها). تقدم إجابات دقيقة.,ما هي المعايير التي تستند إليها المحكمة في تقدير أتعاب التقاضي؟,"تستند المحكمة في تقدير أتعاب التقاضي إلى عدة معايير منها: لائحة الدعوى، محاضر الجلسات، الحق المطالب به، والأحكام القضائية السابقة، ويكون تقديرها منوطاً بالدائرة القضائية.

(المصدر: حكم رقم ٤٥٧٠٩٦٥٠٩١ لعام ١٤٤٥هـ | نسبة تأكيد الربط: 25.68%)",٤٥٧٠٩٦٥٠٩١,١٤٤٥,,pending
أنت مستشار قانوني سعودي، متخصص في الدعاوى (نزاع تجاري) وتحديداً في مسائل (تقدير أتعاب التقاضي والتعويض عنها). تقدم إجابات دقيقة.,أنا صاحب شركة وقمت برفع دعوى تجارية ضد شركة أخرى لعدم سداد مستحقات خدمات قدمتها لهم، وقد حكمت المحكمة لي بالمبلغ كاملاً. هل يمكنني المطالبة بتعويض عن التكاليف التي تكبدتها جراء التقاضي؟,"نعم، يمكنك المطالبة بتعويض عن أتعاب التقاضي (تكاليف التقاضي)، حيث أن المحكمة قد تحكم لك بها بناءً على تقديرها بعد النظر في تفاصيل الدعوى والحق المطالب به والإجراءات المتخذة.

(المصدر: حكم رقم ٤٥٧٠٩٦٥٠٩١ لعام ١٤٤٥هـ | نسبة تأكيد الربط: 25.68%)",٤٥٧٠٩٦٥٠٩١,١٤٤٥,,pending
أنت مستشار قانوني سعودي، متخصص في الدعاوى (نزاع تجاري) وتحديداً في مسائل (تقدير أتعاب التقاضي والتعويض عنها). تقدم إجابات دقيقة.,ما هي الخطوات الإجرائية التي يجب على المدعي اتباعها لطلب أتعاب التقاضي، ومتى يتم البت فيها من قبل المحكمة؟,"يجب على المدعي أن يضمن طلب أتعاب التقاضي ضمن صحيفة دعواه أو طلباته الختامية. يتم البت فيها من قبل المحكمة عند إصدار الحكم في الدعوى الأصلية، حيث تقوم الدائرة بتقديرها بناءً على المعايير المذكورة بعد الاطلاع على ملف الدعوى.

(المصدر: حكم رقم ٤٥٧٠٩٦٥٠٩١ لعام ١٤٤٥هـ | نسبة تأكيد الربط: 25.68%)",٤٥٧٠٩٦٥٠٩١,١٤٤٥,,pending
أنت مستشار قانوني سعودي، متخصص في الدعاوى (نزاع تجاري - عقد مقاولة) وتحديداً في مسائل (يجوز للمدعي ترك الخصومة بتبليغ يوجهه إلى خصمه أو تقرير منه لدى الكاتب المختص في المحكمة أو ببيان صريح في مذكرة موقع عليها منه أو من وكيله، مع اطلاع خصمه عليها، أو بإبداء الطلب شفهياً في الجلسة وإثباته في ضبطها، ولا يكون الترك بعد إبداء المدعى عليه دفوعه إلا بقبوله، مع أحقية المدعي في إقامة موضوع الدعوى مرة أخرى متى شاء.). تقدم إجابات دقيقة.,ما هي الطرق القانونية المتاحة للمدعي لترك الخصومة في دعوى قضائية؟,"يمكن للمدعي ترك الخصومة بإحدى الطرق التالية: بتبليغ يوجهه إلى خصمه، أو بتقرير منه لدى الكاتب المختص في المحكمة، أو ببيان صريح في مذكرة موقع عليها منه أو من وكيله مع اطلاع خصمه عليها، أو بإبداء الطلب شفهياً في الجلسة وإثباته في ضبطها.

(المصدر: حكم رقم ٤٥٧٠٥٢٩١٠٨ لعام ١٤٤٥هـ | نسبة تأكيد الربط: 53.61%)",٤٥٧٠٥٢٩١٠٨,١٤٤٥,,pending
أنت مستشار قانوني سعودي، متخصص في الدعاوى (نزاع تجاري - عقد مقاولة) وتحديداً في مسائل (يجوز للمدعي ترك الخصومة بتبليغ يوجهه إلى خصمه أو تقرير منه لدى الكاتب المختص في المحكمة أو ببيان صريح في مذكرة موقع عليها منه أو من وكيله، مع اطلاع خصمه عليها، أو بإبداء الطلب شفهياً في الجلسة وإثباته في ضبطها، ولا يكون الترك بعد إبداء المدعى عليه دفوعه إلا بقبوله، مع أحقية المدعي في إقامة موضوع الدعوى مرة أخرى متى شاء.). تقدم إجابات دقيقة.,إذا كان عميل قد رفع دعوى تجارية وقدم المدعى عليه دفوعه، ثم قرر العميل سحب الدعوى مؤقتًا لإعادة ترتيب أوراقه، فما هو الشرط الأساسي الذي يجب توافره لإتمام هذا السحب قانونيًا؟,"الشرط الأساسي لسحب الدعوى (ترك الخصومة) بعد أن يكون المدعى عليه قد أبدى دفوعه هو موافقة المدعى عليه على هذا الترك.

(المصدر: حكم رقم ٤٥٧٠٥٢٩١٠٨ لعام ١٤٤٥هـ | نسبة تأكيد الربط: 53.61%)",٤٥٧٠٥٢٩١٠٨,١٤٤٥,,pending
أنت مستشار قانوني سعودي، متخصص في الدعاوى (نزاع تجاري - عقد مقاولة) وتحديداً في مسائل (يجوز للمدعي ترك الخصومة بتبليغ يوجهه إلى خصمه أو تقرير منه لدى الكاتب المختص في المحكمة أو ببيان صريح في مذكرة موقع عليها منه أو من وكيله، مع اطلاع خصمه عليها، أو بإبداء الطلب شفهياً في الجلسة وإثباته في ضبطها، ولا يكون الترك بعد إبداء المدعى عليه دفوعه إلا بقبوله، مع أحقية المدعي في إقامة موضوع الدعوى مرة أخرى متى شاء.). تقدم إجابات دقيقة.,ما هو الأثر الإجرائي المترتب على قرار المحكمة بإثبات ترك المدعي للخصومة فيما يخص حقه في إعادة رفع الدعوى؟,"يترتب على إثبات ترك المدعي للخصومة أحقيته في إقامة موضوع الدعوى مرة أخرى متى شاء، حيث أن ترك الخصومة ينهي الإجراءات القضائية الحالية دون أن يسقط الحق الأصلي للمدعي.

(المصدر: حكم رقم ٤٥٧٠٥٢٩١٠٨ لعام ١٤٤٥هـ | نسبة تأكيد الربط: 53.61%)",٤٥٧٠٥٢٩١٠٨,١٤٤٥,,pending
أنت مستشار قانوني سعودي، متخصص في الدعاوى (منازعة تجارية - مطالبة مالية بعقد توريد) وتحديداً في مسائل (حق المدعي في ترك الخصومة وإجراءاته مع الاحتفاظ بحق المطالبة). تقدم إجابات دقيقة.,ما هي الحالات التي يجوز فيها للمدعي ترك الخصومة وفقاً لنظام المرافعات الشرعية؟,"يجوز للمدعي ترك الخصومة بتبليغ يوجهه إلى خصمه، أو بتقرير منه لدى الكاتب المختص في المحكمة، أو ببيان صريح في مذكرة موقع عليها منه أو من وكيله مع اطلاع خصمه عليها، أو بإبداء الطلب شفهيًا في الجلسة وإثباته في ضبطها.

(المصدر: حكم رقم ٤٦٧٠٠٧٢٨٦٧ لعام ١٤٤٦هـ | نسبة تأكيد الربط: 41.41%)",٤٦٧٠٠٧٢٨٦٧,١٤٤٦,,pending
أنت مستشار قانوني سعودي، متخصص في الدعاوى (منازعة تجارية - مطالبة مالية بعقد توريد) وتحديداً في مسائل (حق المدعي في ترك الخصومة وإجراءاته مع الاحتفاظ بحق المطالبة). تقدم إجابات دقيقة.,أنا مدعٍ في قضية تجارية، وقد بدأت مفاوضات صلح مع المدعى عليه وأرغب في إيقاف الدعوى مؤقتًا مع الاحتفاظ بحقي في المطالبة لاحقًا إذا لم يتم الصلح. ما هو الإجراء القانوني الذي يمكنني اتخاذه؟,"يمكنك طلب ترك الخصومة في الدعوى القضائية، مع إثبات احتفاظك بحق المطالبة في حال عدم إتمام الصلح. هذا الإجراء يسمح بإنهاء الدعوى الحالية دون التنازل عن حقك الأصلي في المطالبة، مما يتيح لك فرصة لإعادة رفع الدعوى لاحقاً إذا فشلت مفاوضات الصلح.

(المصدر: حكم رقم ٤٦٧٠٠٧٢٨٦٧ لعام ١٤٤٦هـ | نسبة تأكيد الربط: 41.41%)",٤٦٧٠٠٧٢٨٦٧,١٤٤٦,,pending
أنت مستشار قانوني سعودي، متخصص في الدعاوى (منازعة تجارية - مطالبة مالية بعقد توريد) وتحديداً في مسائل (حق المدعي في ترك الخصومة وإجراءاته مع الاحتفاظ بحق المطالبة). تقدم إجابات دقيقة.,ما هي الخطوات الإجرائية التي تتخذها المحكمة عند طلب المدعي ترك الخصومة شفهياً في الجلسة؟,"عند إبداء المدعي طلب ترك الخصومة شفهيًا في الجلسة، تقوم الدائرة بإثبات هذا الطلب في ضبط الجلسة. وبناءً على ذلك، تصدر المحكمة حكمها بإثبات انقضاء الدعوى، مع مراعاة أي شروط يذكرها المدعي مثل الاحتفاظ بحقه في المطالبة.

(المصدر: حكم رقم ٤٦٧٠٠٧٢٨٦٧ لعام ١٤٤٦هـ | نسبة تأكيد الربط: 41.41%)",٤٦٧٠٠٧٢٨٦٧,١٤٤٦,,pending
أنت مستشار قانوني سعودي، متخصص في الدعاوى (نزاع تجاري - مطالبة مالية) وتحديداً في مسائل (إثبات الالتزامات التجارية بالقرائن المستفادة من المستندات الكتابية وسكوت المدين). تقدم إجابات دقيقة.,كيف يمكن إثبات الالتزامات التجارية في حال وجود مستندات كتابية وسكوت المدين عن الرد؟,"يمكن إثبات الالتزامات التجارية بالقرائن المستفادة من المستندات الكتابية المقدمة، ويعتبر سكوت المدين أو تغيبه عن الرد أو الإنكار قرينة مؤيدة لصحة هذه المستندات والمطالبة بها.

(المصدر: حكم رقم 4570092541 لعام 1445هـ | نسبة تأكيد الربط: 21.47%)",4570092541,1445,,pending
أنت مستشار قانوني سعودي، متخصص في الدعاوى (نزاع تجاري - مطالبة مالية) وتحديداً في مسائل (إثبات الالتزامات التجارية بالقرائن المستفادة من المستندات الكتابية وسكوت المدين). تقدم إجابات دقيقة.,قمت بتوريد بضاعة لتاجر آخر، ولدي فواتير وكشوف حساب موقعة ومختومة من قبله، لكنه لم يسدد المبلغ وتغيب عن جميع الجلسات القضائية رغم تبلغه. هل هذه المستندات وغيابه كافيان للحكم لي؟,"نعم، في المحاكم التجارية، تُعد المستندات الكتابية الموقعة والمختومة من المدين بينة قوية. وغياب المدين عن الجلسات القضائية مع تبلغه وعدم تقديمه ما يدحض الدعوى، يُعزز من قوة هذه المستندات ويُعتبر قرينة على صحة المطالبة، مما يزيد من فرص صدور حكم لصالحك.

(المصدر: حكم رقم 4570092541 لعام 1445هـ | نسبة تأكيد الربط: 21.47%)",4570092541,1445,,pending
أنت مستشار قانوني سعودي، متخصص في الدعاوى (نزاع تجاري - مطالبة مالية) وتحديداً في مسائل (إثبات الالتزامات التجارية بالقرائن المستفادة من المستندات الكتابية وسكوت المدين). تقدم إجابات دقيقة.,ما هي الخطوات التي تتخذها المحكمة التجارية عند تقديم المدعي لمستندات تثبت المديونية وتغيب المدعى عليه عن الجلسات؟,"تقوم المحكمة بالتحقق من صحة التبليغ للمدعى عليه. وفي حال ثبوت تبلغه وتغيبه دون عذر، فإنها تسير في الدعوى وتفصل فيها بحكم حضوري، معتمدة على المستندات المقدمة من المدعي، وتعتبر سكوت المدعى عليه وغيابه قرينة على صحة تلك المستندات والمطالبة.

(المصدر: حكم رقم 4570092541 لعام 1445هـ | نسبة تأكيد الربط: 21.47%)",4570092541,1445,,pending
أنت مستشار قانوني سعودي، متخصص في الدعاوى (منازعة تجارية - مطالبة مالية (أجرة مولدات كهربائية)) وتحديداً في مسائل (عبء إثبات صحة التوقيع على المحررات العادية عند إنكار المدعى عليه لها). تقدم إجابات دقيقة.,ما هو الأثر القانوني لإنكار المدعى عليه صحة التوقيع على الفواتير المقدمة كبينة في دعوى مطالبة مالية؟,"عند إنكار المدعى عليه صراحة صحة التوقيع المنسوب إليه على الفواتير أو أي محرر عادي، فإن هذا الإنكار يرفع حجية المحرر، ويصبح على المدعي عبء إثبات صحة التوقيع بوسائل الإثبات المقررة قانوناً، وإلا رُفضت دعواه لعدم كفاية البينة.

(المصدر: حكم رقم ٤٥٧١١٣٣٣٨٥ لعام ١٤٤٥هـ | نسبة تأكيد الربط: 21.39%)",٤٥٧١١٣٣٣٨٥,١٤٤٥,,pending
أنت مستشار قانوني سعودي، متخصص في الدعاوى (منازعة تجارية - مطالبة مالية (أجرة مولدات كهربائية)) وتحديداً في مسائل (عبء إثبات صحة التوقيع على المحررات العادية عند إنكار المدعى عليه لها). تقدم إجابات دقيقة.,أنا صاحب شركة قمت بتأجير معدات لشركة أخرى، ولدي فواتير موقعة من ممثلهم تثبت استلامهم للمعدات والمبلغ المستحق. إذا أنكرت الشركة المدعى عليها صحة التوقيع على هذه الفواتير، فما هي الخطوات التي يجب أن أتخذها لضمان حقي؟,"في هذه الحالة، وبعد إنكار المدعى عليها صحة التوقيع، يقع عليك عبء إثبات صحة هذا التوقيع. يمكنك طلب إحالة التوقيع للخبرة الفنية (خطاط) لمضاهاته بتوقيعات أخرى ثابتة للممثل المزعوم، أو تقديم أي بينات أخرى تدعم صحة التوقيع أو تثبت العلاقة التعاقدية واستلام المعدات والمبلغ المستحق بطرق أخرى (مثل شهادة الشهود، مراسلات إلكترونية، حوالات بنكية سابقة، أو أي إقرار سابق).

(المصدر: حكم رقم ٤٥٧١١٣٣٣٨٥ لعام ١٤٤٥هـ | نسبة تأكيد الربط: 21.39%)",٤٥٧١١٣٣٣٨٥,١٤٤٥,,pending
أنت مستشار قانوني سعودي، متخصص في الدعاوى (منازعة تجارية - مطالبة مالية (أجرة مولدات كهربائية)) وتحديداً في مسائل (عبء إثبات صحة التوقيع على المحررات العادية عند إنكار المدعى عليه لها). تقدم إجابات دقيقة.,ما هي الإجراءات القضائية المتبعة في المحكمة التجارية عند دفع المدعى عليه بعدم صحة التوقيع على مستند عادي مقدم من المدعي؟,"عند دفع المدعى عليه بعدم صحة التوقيع على مستند عادي، تقوم الدائرة القضائية أولاً بالتحقق من صراحة الإنكار. إذا كان الإنكار صريحاً، فإنها تطلب من المدعي تقديم بينته على صحة التوقيع. قد يشمل ذلك طلب إحالة المستند للخبرة الفنية (مضاهاة الخطوط والتواقيع) أو تقديم بينات أخرى. وفي حال عجز المدعي عن إثبات صحة التوقيع، فإن الدائرة قد ترفض الدعوى المتعلقة بهذا المستند لعدم كفاية البينة.

(المصدر: حكم رقم ٤٥٧١١٣٣٣٨٥ لعام ١٤٤٥هـ | نسبة تأكيد الربط: 21.39%)",٤٥٧١١٣٣٣٨٥,١٤٤٥,,pending
أنت مستشار قانوني سعودي، متخصص في الدعاوى (منازعات تجارية - شراكة ومضاربة) وتحديداً في مسائل (يجب على الشريك المضارب الإفصاح عن مستندات الشراكة ومآلها للشريك الآخر، وتزول هذه المسؤولية عن الفترة اللاحقة لانتهاء وكالته أو إدارته للشراكة، ما لم يثبت خلاف ذلك.). تقدم إجابات دقيقة.,ما هو نطاق التزام الشريك المضارب بالإفصاح عن مستندات الشراكة ومآلها؟,"يلتزم الشريك المضارب بالإفصاح عن مستندات الشراكة ومآلها للشريك الآخر، ويشمل ذلك رأس المال والأرباح والمبالغ المحصلة والمتعثرة، ويكون هذا الالتزام سارياً طوال فترة إدارته للشراكة.

(المصدر: حكم رقم 4570717264 لعام 1445هـ | نسبة تأكيد الربط: 26.15%)",4570717264,1445,,pending
أنت مستشار قانوني سعودي، متخصص في الدعاوى (منازعات تجارية - شراكة ومضاربة) وتحديداً في مسائل (يجب على الشريك المضارب الإفصاح عن مستندات الشراكة ومآلها للشريك الآخر، وتزول هذه المسؤولية عن الفترة اللاحقة لانتهاء وكالته أو إدارته للشراكة، ما لم يثبت خلاف ذلك.). تقدم إجابات دقيقة.,أنا شريك في مضاربة لبيع وشراء السيارات، وقد انتهت وكالة شريكي المضارب منذ فترة. هل يحق لي مطالبته بالإفصاح عن تفاصيل الأرباح والمبالغ المتعثرة بعد تاريخ انتهاء وكالته؟,"لا يحق لك مطالبة شريكك بالإفصاح عن تفاصيل الأرباح والمبالغ المتعثرة للفترة اللاحقة لتاريخ انتهاء وكالته، ما لم يكن هناك اتفاق آخر أو دليل يثبت استمرار إدارته أو مسؤوليته بعد ذلك التاريخ.

(المصدر: حكم رقم 4570717264 لعام 1445هـ | نسبة تأكيد الربط: 26.15%)",4570717264,1445,,pending
أنت مستشار قانوني سعودي، متخصص في الدعاوى (منازعات تجارية - شراكة ومضاربة) وتحديداً في مسائل (يجب على الشريك المضارب الإفصاح عن مستندات الشراكة ومآلها للشريك الآخر، وتزول هذه المسؤولية عن الفترة اللاحقة لانتهاء وكالته أو إدارته للشراكة، ما لم يثبت خلاف ذلك.). تقدم إجابات دقيقة.,في دعوى الإفصاح عن مستندات الشراكة، ما هي الإجراءات التي تتخذها المحكمة عند إقرار المدعي بتحقق جزء من طلبه؟,"إذا أقر المدعي بتحقق جزء من طلبه بالإفصاح حتى تاريخ معين، فإن المحكمة تثبت الإفصاح عن تلك الفترة، وتنظر في بقية الطلب بناءً على دفوع المدعى عليه، مثل انتهاء وكالته أو عدم قدرته على الإفصاح عن الفترة اللاحقة، وقد تقضي برفض الجزء المتبقي من الطلب إذا ثبتت هذه الدفوع.

(المصدر: حكم رقم 4570717264 لعام 1445هـ | نسبة تأكيد الربط: 26.15%)",4570717264,1445,,pending
أنت مستشار قانوني سعودي، متخصص في الدعاوى (دعوى تعويض عن أضرار التقاضي) وتحديداً في مسائل (يُحكم بالتعويض عن الأضرار المادية والمعنوية، بما في ذلك مصاريف التقاضي، إذا ثبت الخطأ والضرر ووجود علاقة سببية بينهما، وتراعي المحكمة في تقدير التعويض جسامة الضرر ومقدار المبلغ المحكوم به ومماطلة المحكوم عليه والعرف.). تقدم إجابات دقيقة.,ما هي الأركان الأساسية التي يجب توافرها للحكم بالتعويض عن الضرر وفقاً لنظام المعاملات المدنية؟,"للحكم بالتعويض، يجب أن تتحقق ثلاثة أركان أساسية وهي: ثبوت الخطأ الذي ارتكبه المتسبب بالضرر، وثبوت الضرر الذي لحق بالغير، ووجود علاقة سببية مباشرة بين هذا الخطأ والضرر الواقع.

(المصدر: حكم رقم ٤٥٧١٣٣٠٧٧٣ لعام ١٤٤٥هـ | نسبة تأكيد الربط: 32.19%)",٤٥٧١٣٣٠٧٧٣,١٤٤٥,,pending
أنت مستشار قانوني سعودي، متخصص في الدعاوى (دعوى تعويض عن أضرار التقاضي) وتحديداً في مسائل (يُحكم بالتعويض عن الأضرار المادية والمعنوية، بما في ذلك مصاريف التقاضي، إذا ثبت الخطأ والضرر ووجود علاقة سببية بينهما، وتراعي المحكمة في تقدير التعويض جسامة الضرر ومقدار المبلغ المحكوم به ومماطلة المحكوم عليه والعرف.). تقدم إجابات دقيقة.,أنا صاحب شركة، وقد اضطررت لرفع دعوى قضائية سابقة ضد عميل مماطل لاستخلاص مستحقاتي، وتكبدت مصاريف تقاضي وأضراراً بسبب تأخره. هل يمكنني المطالبة بتعويض عن هذه الأضرار؟,"نعم، إذا ثبت للمحكمة أن مماطلة المدعى عليه في سداد مستحقاتك قد تسببت لك بضرر وأحوجتك للجوء إلى القضاء لاستخلاص حقك، وثبتت العلاقة السببية بين المماطلة (الخطأ) والأضرار التي لحقت بك، فيمكنك المطالبة بالتعويض عن أضرار التقاضي هذه.

(المصدر: حكم رقم ٤٥٧١٣٣٠٧٧٣ لعام ١٤٤٥هـ | نسبة تأكيد الربط: 32.19%)",٤٥٧١٣٣٠٧٧٣,١٤٤٥,,pending
أنت مستشار قانوني سعودي، متخصص في الدعاوى (دعوى تعويض عن أضرار التقاضي) وتحديداً في مسائل (يُحكم بالتعويض عن الأضرار المادية والمعنوية، بما في ذلك مصاريف التقاضي، إذا ثبت الخطأ والضرر ووجود علاقة سببية بينهما، وتراعي المحكمة في تقدير التعويض جسامة الضرر ومقدار المبلغ المحكوم به ومماطلة المحكوم عليه والعرف.). تقدم إجابات دقيقة.,ما هي العوامل التي تراعيها المحكمة عند تقدير مبلغ التعويض عن الأضرار المادية والمعنوية، بما في ذلك مصاريف التقاضي؟,"تراعي المحكمة في تقدير التعويض عدة عوامل منها: جسامة الضرر الذي لحق بالمدعي، ومقدار المبلغ المحكوم به في القضية الأصلية، ومماطلة المحكوم عليه، والعرف أو العادة المستقرة، بالإضافة إلى رأي الخبير إذا اقتضى الأمر ذلك.

(المصدر: حكم رقم ٤٥٧١٣٣٠٧٧٣ لعام ١٤٤٥هـ | نسبة تأكيد الربط: 32.19%)",٤٥٧١٣٣٠٧٧٣,١٤٤٥,,pending
أنت مستشار قانوني سعودي، متخصص في الدعاوى (مطالبة مالية ناشئة عن عقد بيع تجاري) وتحديداً في مسائل (الالتزام بسداد الديون الثابتة). تقدم إجابات دقيقة.,ما هو الأصل القانوني في الديون الثابتة في ذمة المدين؟,"الأصل في الديون الثابتة في الذمة هو عدم البراءة منها، ويلزم المدين بسدادها ما لم يثبت براءته.

(المصدر: حكم رقم 4570099295 لعام 1445هـ | نسبة تأكيد الربط: 19.69%)",4570099295,1445,,pending
أنت مستشار قانوني سعودي، متخصص في الدعاوى (مطالبة مالية ناشئة عن عقد بيع تجاري) وتحديداً في مسائل (الالتزام بسداد الديون الثابتة). تقدم إجابات دقيقة.,أنا صاحب شركة قمت بتوريد بضاعة لعميل بموجب مستندات تثبت الدين، لكن العميل لم يسدد المبلغ المتبقي وتغيب عن الجلسات القضائية. ما هي فرصي في الحصول على حكم لصالحي؟,"إذا كانت لديك مستندات تثبت الدين وتخلف العميل عن الحضور أو الرد رغم تبلغه، فإن المحكمة قد تستخلص قرينة على صحة دعواك وتحكم بإلزامه بالمبلغ المطالب به، وذلك بناءً على أن الأصل في الديون الثابتة في الذمة هو عدم البراءة منها ما لم يثبت المدين خلاف ذلك.

(المصدر: حكم رقم 4570099295 لعام 1445هـ | نسبة تأكيد الربط: 19.69%)",4570099295,1445,,pending
أنت مستشار قانوني سعودي، متخصص في الدعاوى (مطالبة مالية ناشئة عن عقد بيع تجاري) وتحديداً في مسائل (الالتزام بسداد الديون الثابتة). تقدم إجابات دقيقة.,متى يُعتبر الحكم الصادر في المطالبات التجارية قطعياً وغير قابل للاعتراض وفقاً لنظام المحاكم التجارية؟,"يُعد الحكم الصادر في المطالبات التجارية قطعياً ولا يحق لأحد الأطراف الاعتراض عليه إذا كان المبلغ المحكوم به لا يتجاوز حدًا معيناً، وذلك بناءً على نص المادة (٧٨/١) من نظام المحاكم التجارية، والتي تحدد الحالات التي تكون فيها الأحكام نهائية.

(المصدر: حكم رقم 4570099295 لعام 1445هـ | نسبة تأكيد الربط: 19.69%)",4570099295,1445,,pending
أنت مستشار قانوني سعودي، متخصص في الدعاوى (مطالبة مالية تجارية) وتحديداً في مسائل (الإقرار القضائي حجة على صاحبه ويغني عن البينة، ويترتب عليه إلزام المقر بما أقر به.). تقدم إجابات دقيقة.,ما هو الأثر القانوني لإقرار المدعى عليه بصحة المطالبة في الدعوى التجارية؟,"الإقرار القضائي حجة على صاحبه ويغني المدعي عن تقديم البينة، ويترتب عليه إلزام المدعى عليه بالمبلغ الذي أقر به، وذلك وفقاً لنظام الإثبات.

(المصدر: حكم رقم 4570762906 لعام 1445هـ | نسبة تأكيد الربط: 25.52%)",4570762906,1445,,pending
أنت مستشار قانوني سعودي، متخصص في الدعاوى (مطالبة مالية تجارية) وتحديداً في مسائل (الإقرار القضائي حجة على صاحبه ويغني عن البينة، ويترتب عليه إلزام المقر بما أقر به.). تقدم إجابات دقيقة.,لدي عميل يواجه دعوى مطالبة مالية، وقد أقر أمام المحكمة بصحة الدين المستحق عليه. ما هي نصيحتك القانونية له بخصوص مسار القضية؟,"بما أن عميلك قد أقر بصحة الدين أمام المحكمة، فإن هذا الإقرار يعتبر حجة قاطعة عليه، وسيكون من الصعب جداً التراجع عنه أو دحض المطالبة. من المرجح أن تحكم المحكمة بإلزامه بالمبلغ المقر به. ينصح بالتركيز على سبل التسوية أو طلب مهلة للسداد إذا كان هناك تعثر مالي، بدلاً من محاولة إنكار الدين.

(المصدر: حكم رقم 4570762906 لعام 1445هـ | نسبة تأكيد الربط: 25.52%)",4570762906,1445,,pending
أنت مستشار قانوني سعودي، متخصص في الدعاوى (مطالبة مالية تجارية) وتحديداً في مسائل (الإقرار القضائي حجة على صاحبه ويغني عن البينة، ويترتب عليه إلزام المقر بما أقر به.). تقدم إجابات دقيقة.,ما هي الإجراءات التي تتبعها المحكمة بعد إقرار المدعى عليه بصحة المطالبة في دعوى تجارية؟,"بعد إقرار المدعى عليه بصحة المطالبة، تتحقق المحكمة من صحة الإقرار ووضوحه، ثم تقفل باب المرافعة وتعتبر القضية صالحة للحكم، وتصدر حكمها بإلزام المدعى عليه بالمبلغ المقر به، استناداً إلى أن الإقرار حجة على صاحبه وفقاً لنظام الإثبات.

(المصدر: حكم رقم 4570762906 لعام 1445هـ | نسبة تأكيد الربط: 25.52%)",4570762906,1445,,pending
أنت مستشار قانوني سعودي، متخصص في الدعاوى (منازعة شراكة تجارية وإثبات) وتحديداً في مسائل (اليمين الحاسمة كوسيلة إثبات لدفع الدعوى عند عجز المدعي عن تقديم البينة، وأثرها في الحكم لصالح من حلفها وفقاً لنظام الإثبات.). تقدم إجابات دقيقة.,ما هو تعريف اليمين الحاسمة وما هو أثرها القانوني على الدعوى وفقاً لنظام الإثبات؟,"اليمين الحاسمة هي اليمين التي يؤديها المدعى عليه لدفع الدعوى. إذا عجز المدعي عن البينة وطلب يمين خصمه حُلِّف، وكل من وجهت إليه اليمين فحلفها حُكم لصالحه، وذلك استناداً للمواد 92 و 97 و 98 من نظام الإثبات.

(المصدر: حكم رقم 4570756958 لعام 1445هـ | نسبة تأكيد الربط: 46.85%)",4570756958,1445,,pending
أنت مستشار قانوني سعودي، متخصص في الدعاوى (منازعة شراكة تجارية وإثبات) وتحديداً في مسائل (اليمين الحاسمة كوسيلة إثبات لدفع الدعوى عند عجز المدعي عن تقديم البينة، وأثرها في الحكم لصالح من حلفها وفقاً لنظام الإثبات.). تقدم إجابات دقيقة.,لدي عميل يدعي وجود شراكة تجارية مع طرف آخر منذ سنوات، لكنه لا يملك أي مستندات كتابية تثبت هذه الشراكة، والطرف الآخر ينكرها تماماً. ما هو الإجراء القانوني الذي يمكن لعميلي اتخاذه لإثبات حقه في هذه الحالة؟,"في حال عجز عميلك (المدعي) عن تقديم البينة لإثبات الشراكة، يمكنه طلب توجيه اليمين الحاسمة للطرف الآخر (المدعى عليه). إذا حلف المدعى عليه اليمين على نفي الشراكة بالصيغة التي تحددها المحكمة، فإن الحكم سيكون لصالحه برفض الدعوى، وذلك استناداً لنظام الإثبات.

(المصدر: حكم رقم 4570756958 لعام 1445هـ | نسبة تأكيد الربط: 46.85%)",4570756958,1445,,pending
أنت مستشار قانوني سعودي، متخصص في الدعاوى (منازعة شراكة تجارية وإثبات) وتحديداً في مسائل (اليمين الحاسمة كوسيلة إثبات لدفع الدعوى عند عجز المدعي عن تقديم البينة، وأثرها في الحكم لصالح من حلفها وفقاً لنظام الإثبات.). تقدم إجابات دقيقة.,ما هي الخطوات الإجرائية الدقيقة التي تتبعها المحكمة عند طلب المدعي توجيه اليمين الحاسمة للمدعى عليه وموافقة الأخير على أدائها؟,"عند طلب المدعي توجيه اليمين الحاسمة وموافقة المدعى عليه، تقوم الدائرة القضائية بإفهام المدعى عليه بصيغة اليمين التي يجب أن يحلفها، والتي يجب أن تكون واضحة ومحددة لنفي الوقائع المدعى بها. بعد أداء المدعى عليه اليمين بالصيغة المعتمدة، تعتبر الدائرة أن الدعوى أصبحت جاهزة للفصل فيها، وتصدر حكمها برفض دعوى المدعي استناداً إلى أداء المدعى عليه لليمين الحاسمة.

(المصدر: حكم رقم 4570756958 لعام 1445هـ | نسبة تأكيد الربط: 46.85%)",4570756958,1445,,pending
أنت مستشار قانوني سعودي، متخصص في الدعاوى (منازعة تجارية - مطالبة مالية بأجرة معدات) وتحديداً في مسائل (يُعد إقرار المدعى عليه بصدور مستندات تثبت العلاقة التعاقدية حجة عليه، ويُرفض دفعه بعدم الصفة أو أن النزاع يتعلق بتعامل سابق تم تسويته صلحاً، متى ثبت للدائرة وجود العلاقة التعاقدية وأن المطالبة الحالية مغايرة للتعاملات السابقة.). تقدم إجابات دقيقة.,ما هو الأثر القانوني لإقرار المدعى عليه بصدور مستندات تثبت العلاقة التعاقدية في دعوى مطالبة مالية؟,"يُعد إقرار المدعى عليه بصدور مستندات تثبت العلاقة التعاقدية حجة عليه، ويُبنى عليه الحكم بإلزامه بالمطالبة المالية متى توافقت المستندات مع قيمة المطالبة، ويُرفض دفعه بعدم الصفة أو أن النزاع يتعلق بتعامل سابق تم تسويته صلحاً ما لم يثبت ذلك.

(المصدر: حكم رقم ٤٤٧١٠٩٢٩٩٤ لعام ١٤٤٤هـ | نسبة تأكيد الربط: 20.03%)",٤٤٧١٠٩٢٩٩٤,١٤٤٤,,pending
أنت مستشار قانوني سعودي، متخصص في الدعاوى (منازعة تجارية - مطالبة مالية بأجرة معدات) وتحديداً في مسائل (يُعد إقرار المدعى عليه بصدور مستندات تثبت العلاقة التعاقدية حجة عليه، ويُرفض دفعه بعدم الصفة أو أن النزاع يتعلق بتعامل سابق تم تسويته صلحاً، متى ثبت للدائرة وجود العلاقة التعاقدية وأن المطالبة الحالية مغايرة للتعاملات السابقة.). تقدم إجابات دقيقة.,أنا صاحب شركة تأجير معدات، وقمت بتأجير معدات لشركة أخرى، ولدي فواتير وأوامر شراء صادرة منهم، بالإضافة إلى كشوف دوام للمعدات التي أقر وكيلهم بصدورها. لكنهم يرفضون السداد بحجة أن الفواتير تخص شركة أخرى تابعة لهم أو أن التعامل تم تسويته سابقاً. ما هي فرصي في كسب الدعوى وما هي البينات التي يجب أن أركز عليها؟,"فرصك في كسب الدعوى عالية جداً، خاصة وأن وكيل الشركة المدعى عليها قد أقر بصدور كشوف الدوام من موكلته. يجب عليك التركيز على تقديم كافة الفواتير وأوامر الشراء وكشوف الدوام التي تثبت المطالبة الحالية، مع إبراز أي دليل يوضح أن الشركات مرتبطة ببعضها البعض (مثل الرقم الضريبي الموحد)، وتقديم ما يثبت أن المطالبة الحالية مغايرة لأي تعاملات سابقة تم تسويتها صلحاً، حيث أن إقرار المدعى عليه بصدور المستندات يُعد حجة عليه.

(المصدر: حكم رقم ٤٤٧١٠٩٢٩٩٤ لعام ١٤٤٤هـ | نسبة تأكيد الربط: 20.03%)",٤٤٧١٠٩٢٩٩٤,١٤٤٤,,pending
أنت مستشار قانوني سعودي، متخصص في الدعاوى (منازعة تجارية - مطالبة مالية بأجرة معدات) وتحديداً في مسائل (يُعد إقرار المدعى عليه بصدور مستندات تثبت العلاقة التعاقدية حجة عليه، ويُرفض دفعه بعدم الصفة أو أن النزاع يتعلق بتعامل سابق تم تسويته صلحاً، متى ثبت للدائرة وجود العلاقة التعاقدية وأن المطالبة الحالية مغايرة للتعاملات السابقة.). تقدم إجابات دقيقة.,في حال دفع المدعى عليه بعدم الصفة أو بأن المطالبة تتعلق بتعامل سابق تم تسويته صلحاً، ما هي الإجراءات التي تتخذها الدائرة القضائية للتحقق من صحة هذه الدفوع؟,"تتولى الدائرة القضائية التحقق من المسائل الأولية كالصفة، وفي حال دفع المدعى عليه بعدم الصفة، فإنها تطلب من المدعي تقديم ما يثبت العلاقة التعاقدية بين الأطراف. وإذا أقر المدعى عليه بصدور مستندات تثبت هذه العلاقة، فإن الدائرة تعتبر الإقرار حجة عليه. أما بخصوص الدفع بأن المطالبة تتعلق بتعامل سابق تم تسويته صلحاً، فتطلب الدائرة من المدعي تقديم بينات (مثل فواتير وجداول زمنية أخرى) تثبت أن النزاع الحالي مغاير لما تم تسويته سابقاً، وفي حال إثبات ذلك، فإنها تشيح بنظرها عن هذه الدفوع لعدم قيامها على أساس صحيح.

(المصدر: حكم رقم ٤٤٧١٠٩٢٩٩٤ لعام ١٤٤٤هـ | نسبة تأكيد الربط: 20.03%)",٤٤٧١٠٩٢٩٩٤,١٤٤٤,,pending
أنت مستشار قانوني سعودي، متخصص في الدعاوى (نزاع تجاري - مطالبة مالية وشرط جزائي) وتحديداً في مسائل (يتحمل الطرف الذي يخل بالتزاماته التعاقدية، كعدم سداد الرسوم المتفق عليها، مسؤولية الأضرار المترتبة على هذا الإخلال، ويجوز للطرف المتضرر المطالبة بالشرط الجزائي المنصوص عليه في العقد نتيجة لفسخ العقد بسبب هذا الإخلال.). تقدم إجابات دقيقة.,ما هي الآثار القانونية المترتبة على إخلال أحد طرفي العقد التجاري بالتزاماته الأساسية، مثل عدم سداد الرسوم المتفق عليها، وهل يبرر ذلك فسخ العقد والمطالبة بالشرط الجزائي؟,"يُعد إخلال أحد طرفي العقد التجاري بالتزاماته الأساسية، كعدم سداد الرسوم المستحقة، سبباً مشروعاً لفسخ العقد من قبل الطرف المتضرر. وفي هذه الحالة، يحق للطرف المتضرر المطالبة بالشرط الجزائي المنصوص عليه في العقد لتعويضه عن الأضرار الناتجة عن هذا الإخلال وفسخ العقد، ما لم يثبت الطرف المخل أن عدم السداد كان لسبب مشروع أو أن الطرف الآخر هو من أخل أولاً.

(المصدر: حكم رقم ٤٥٧٠٧٦٨١٣٨ لعام ١٤٤٥هـ | نسبة تأكيد الربط: 27.27%)",٤٥٧٠٧٦٨١٣٨,١٤٤٥,,pending
أنت مستشار قانوني سعودي، متخصص في الدعاوى (نزاع تجاري - مطالبة مالية وشرط جزائي) وتحديداً في مسائل (يتحمل الطرف الذي يخل بالتزاماته التعاقدية، كعدم سداد الرسوم المتفق عليها، مسؤولية الأضرار المترتبة على هذا الإخلال، ويجوز للطرف المتضرر المطالبة بالشرط الجزائي المنصوص عليه في العقد نتيجة لفسخ العقد بسبب هذا الإخلال.). تقدم إجابات دقيقة.,أنا صاحب شركة مقاولات وقمت بتوفير عمالة لشركة أخرى بموجب عقد يتضمن شرطاً جزائياً في حال فسخ العقد دون سبب مشروع. الآن، امتنعت الشركة الأخرى عن سداد رسوم شهرين متتاليين، مما أثر على قدرتي على تجديد إقامات العمال. هل يحق لي فسخ العقد والمطالبة بالشرط الجزائي؟ وما هي فرص نجاح دعواي؟,"نعم، يحق لك فسخ العقد والمطالبة بالشرط الجزائي في هذه الحالة. فامتناع الشركة الأخرى عن سداد الرسوم المتفق عليها يُعد إخلالاً جوهرياً بالتزاماتها التعاقدية، خاصة إذا كان هذا الإخلال قد أعاق قدرتك على الوفاء بالتزاماتك (كتجديد الإقامات). فرص نجاح دعواك عالية إذا تمكنت من إثبات وجود العقد، وامتناع الشركة عن السداد، وأن هذا الامتناع هو السبب المباشر لعدم قدرتك على تجديد الإقامات، وأن العقد يتضمن شرطاً جزائياً واضحاً. يجب عليك تقديم العقد وأي مراسلات أو مستندات تثبت المطالبة بالرسوم وعدم سدادها.

(المصدر: حكم رقم ٤٥٧٠٧٦٨١٣٨ لعام ١٤٤٥هـ | نسبة تأكيد الربط: 27.27%)",٤٥٧٠٧٦٨١٣٨,١٤٤٥,,pending
أنت مستشار قانوني سعودي، متخصص في الدعاوى (نزاع تجاري - مطالبة مالية وشرط جزائي) وتحديداً في مسائل (يتحمل الطرف الذي يخل بالتزاماته التعاقدية، كعدم سداد الرسوم المتفق عليها، مسؤولية الأضرار المترتبة على هذا الإخلال، ويجوز للطرف المتضرر المطالبة بالشرط الجزائي المنصوص عليه في العقد نتيجة لفسخ العقد بسبب هذا الإخلال.). تقدم إجابات دقيقة.,ما هي أنواع الأدلة التي يجب على المدعي تقديمها لإثبات إخلال المدعى عليه بالتزاماته التعاقدية المتعلقة بسداد الرسوم، وكيف يمكن للمحكمة التحقق من العلاقة السببية بين هذا الإخلال والضرر المطالب به (كالشرط الجزائي)؟,"لإثبات إخلال المدعى عليه بسداد الرسوم، يجب على المدعي تقديم العقد الأصلي الذي يحدد التزامات الدفع، وفواتير المطالبة بالرسوم، وكشوف حسابات بنكية تثبت عدم ورود المبالغ، أو أي مراسلات (بريد إلكتروني، خطابات رسمية) تطالب بالسداد وتوضح امتناع المدعى عليه. للتحقق من العلاقة السببية، تنظر المحكمة في تسلسل الأحداث، فإذا كان عدم سداد الرسوم هو السبب المباشر الذي حال دون قيام المدعي بالتزاماته الأخرى (مثل تجديد الإقامات)، مما أدى إلى فسخ العقد وتفعيل الشرط الجزائي، فإن العلاقة السببية تكون قائمة. كما يمكن للمحكمة الاستعانة بالخبراء إذا لزم الأمر لتقدير الأضرار وتحديد العلاقة السببية.

(المصدر: حكم رقم ٤٥٧٠٧٦٨١٣٨ لعام ١٤٤٥هـ | نسبة تأكيد الربط: 27.27%)",٤٥٧٠٧٦٨١٣٨,١٤٤٥,,pending
أنت مستشار قانوني سعودي، متخصص في الدعاوى (منازعة تجارية - مطالبة مالية بقيمة بضائع موردة) وتحديداً في مسائل (عدول المحكمة عن توجيه اليمين الحاسمة بعد تقديم المدعي أصول فواتير تثبت المديونية). تقدم إجابات دقيقة.,كيف يمكن لشركة إثبات مديونية مقابل بضائع موردة إذا أنكر الطرف الآخر ذلك؟,"يمكن للشركة إثبات المديونية من خلال تقديم أصول الفواتير والمستندات التجارية التي تثبت التوريد، خاصة تلك التي تحمل أختام أو توقيعات المدعى عليه، والتي تعد بينة كتابية قوية على الصفقة والمديونية.

(المصدر: حكم رقم 4570756958 لعام 1445هـ | نسبة تأكيد الربط: 22.28%)",4570756958,1445,,pending
أنت مستشار قانوني سعودي، متخصص في الدعاوى (منازعة تجارية - مطالبة مالية بقيمة بضائع موردة) وتحديداً في مسائل (عدول المحكمة عن توجيه اليمين الحاسمة بعد تقديم المدعي أصول فواتير تثبت المديونية). تقدم إجابات دقيقة.,قام عميل بتوريد بضائع لشركة أخرى ولم يتم سداد قيمتها. يمتلك العميل صورًا للفواتير وبعض أصول سندات التسليم الموقعة من المستلم. ما الإجراء الذي يجب عليه اتخاذه لاسترداد أمواله؟,"يجب على العميل رفع دعوى قضائية أمام المحكمة التجارية، مع إرفاق جميع المستندات الأصلية المتاحة، خاصة الفواتير وسندات التسليم التي تحمل توقيعات أو أختام الشركة الأخرى. ستعتبر المحكمة هذه المستندات بينة قوية لإثبات المديونية، وقد يؤدي عدم حضور المدعى عليه رغم التبليغ إلى الحكم حضورياً في مواجهته.

(المصدر: حكم رقم 4570756958 لعام 1445هـ | نسبة تأكيد الربط: 22.28%)",4570756958,1445,,pending
أنت مستشار قانوني سعودي، متخصص في الدعاوى (منازعة تجارية - مطالبة مالية بقيمة بضائع موردة) وتحديداً في مسائل (عدول المحكمة عن توجيه اليمين الحاسمة بعد تقديم المدعي أصول فواتير تثبت المديونية). تقدم إجابات دقيقة.,في أي ظروف قد تتراجع المحكمة عن قرارها بتوجيه اليمين الحاسمة للمدعى عليه؟,"قد تتراجع المحكمة عن قرارها بتوجيه اليمين الحاسمة إذا قدم المدعي لاحقًا بينة كتابية قوية، مثل أصول الفواتير التي تحمل أختام أو توقيعات المدعى عليه، والتي تثبت الدعوى بشكل كافٍ دون الحاجة لليمين، مما يغير قناعة الدائرة بخصوص الحاجة إلى اليمين.

(المصدر: حكم رقم 4570756958 لعام 1445هـ | نسبة تأكيد الربط: 22.28%)",4570756958,1445,,pending
أنت مستشار قانوني سعودي، متخصص في الدعاوى (نزاع تجاري - مطالبة مالية ناشئة عن عقد خدمات نقل وإخلال بالعقد) وتحديداً في مسائل (في المنازعات التجارية، يقع عبء الإثبات على المدعي، ويجب أن تكون البينات المقدمة موصلة ومؤيدة بمستندات معتمدة من الطرفين أو أدلة قوية لا مجرد فواتير صادرة من طرف واحد. كما لا يجوز توجيه اليمين الحاسمة للشخص ذي الشخصية الاعتبارية (الشركات) في حال عجز المدعي عن إثبات دعواه ببينات كافية.). تقدم إجابات دقيقة.,ما هي المتطلبات القانونية لإثبات المطالبات المالية في العقود التجارية، وما هو الحكم القانوني بشأن توجيه اليمين الحاسمة للشركات؟,"يجب على المدعي في المنازعات التجارية تقديم بينات موصلة تثبت حقه، مثل فواتير دورية وجداول عمل منتظمة مصادق عليها من الطرفين أو أدلة قوية. المحررات العادية الصادرة من طرف واحد أو البينات غير الواضحة لا تعد كافية. وبموجب نظام الإثبات، لا يجوز توجيه اليمين الحاسمة للشخص ذي الشخصية الاعتبارية (الشركات).

(المصدر: حكم رقم 4570756958 لعام 1445هـ | نسبة تأكيد الربط: 24.01%)",4570756958,1445,,pending
أنت مستشار قانوني سعودي، متخصص في الدعاوى (نزاع تجاري - مطالبة مالية ناشئة عن عقد خدمات نقل وإخلال بالعقد) وتحديداً في مسائل (في المنازعات التجارية، يقع عبء الإثبات على المدعي، ويجب أن تكون البينات المقدمة موصلة ومؤيدة بمستندات معتمدة من الطرفين أو أدلة قوية لا مجرد فواتير صادرة من طرف واحد. كما لا يجوز توجيه اليمين الحاسمة للشخص ذي الشخصية الاعتبارية (الشركات) في حال عجز المدعي عن إثبات دعواه ببينات كافية.). تقدم إجابات دقيقة.,أنا صاحب شركة قدمت خدمات نقل لشركة أخرى، ولدي فواتير صادرة مني فقط ومراسلات بريد إلكتروني لم يتم الرد عليها بوضوح. هل هذه البينات كافية لإثبات حقي في المحكمة التجارية؟,"بناءً على السوابق القضائية ونظام الإثبات، فإن الفواتير الصادرة من طرف واحد والمراسلات الإلكترونية التي لم يتم الرد عليها بوضوح أو المصادقة عليها من الطرف الآخر قد لا تُعتبر بينة كافية وموصلة لإثبات حقك في المطالبة المالية. يجب تقديم أدلة أقوى مثل عقود محدثة، أو فواتير مصادق عليها من المدعى عليه، أو أي مستندات تثبت موافقة الطرف الآخر على المبالغ المستحقة.

(المصدر: حكم رقم 4570756958 لعام 1445هـ | نسبة تأكيد الربط: 24.01%)",4570756958,1445,,pending
أنت مستشار قانوني سعودي، متخصص في الدعاوى (نزاع تجاري - مطالبة مالية ناشئة عن عقد خدمات نقل وإخلال بالعقد) وتحديداً في مسائل (في المنازعات التجارية، يقع عبء الإثبات على المدعي، ويجب أن تكون البينات المقدمة موصلة ومؤيدة بمستندات معتمدة من الطرفين أو أدلة قوية لا مجرد فواتير صادرة من طرف واحد. كما لا يجوز توجيه اليمين الحاسمة للشخص ذي الشخصية الاعتبارية (الشركات) في حال عجز المدعي عن إثبات دعواه ببينات كافية.). تقدم إجابات دقيقة.,في حال كانت بينات المدعي غير كافية لإثبات دعواه التجارية ضد شركة، ما هي الإجراءات القضائية المتبعة، وهل يمكن للمحكمة أن توجه اليمين للشركة المدعى عليها؟,"إذا كانت بينات المدعي غير موصلة ولا ترقى لإثبات أحقيته بالمبلغ المدعى به في دعوى تجارية ضد شركة، فإن المحكمة لن توجه اليمين الحاسمة للشركة المدعى عليها. وذلك لأن الفقرة الثانية من المادة الرابعة والتسعون من الأدلة الإجرائية لنظام الإثبات تنص صراحة على أنه 'لا توجه اليمين للشخص ذي الشخصية الاعتبارية'. في هذه الحالة، قد ينتهي الأمر برفض الدعوى لعدم كفاية البينة.

(المصدر: حكم رقم 4570756958 لعام 1445هـ | نسبة تأكيد الربط: 24.01%)",4570756958,1445,,pending
أنت مستشار قانوني سعودي، متخصص في الدعاوى (فسخ عقد مقاولة تجاري لعدم التنفيذ) وتحديداً في مسائل (يثبت فسخ العقد التجاري وإلزام الطرف المخل بإعادة المبالغ غير المستحقة بناءً على تقرير خبير هندسي يحدد الأعمال المنفذة وقيمتها، وذلك عند توقف المقاول عن تنفيذ التزاماته التعاقدية.). تقدم إجابات دقيقة.,ما هي الآثار القانونية المترتبة على توقف المقاول عن تنفيذ أعمال عقد تجاري؟,"يترتب على توقف المقاول عن تنفيذ أعمال عقد تجاري حق الطرف المتضرر في طلب فسخ العقد وإلزامه بإعادة المبالغ التي قبضها دون وجه حق، بالإضافة إلى تحمل أتعاب الخبرة القضائية إذا ثبت إخلاله.

(المصدر: حكم رقم ٤٥٧٠٥٨٢٤٩٣ لعام ١٤٤٥هـ | نسبة تأكيد الربط: 25.25%)",٤٥٧٠٥٨٢٤٩٣,١٤٤٥,,pending
أنت مستشار قانوني سعودي، متخصص في الدعاوى (فسخ عقد مقاولة تجاري لعدم التنفيذ) وتحديداً في مسائل (يثبت فسخ العقد التجاري وإلزام الطرف المخل بإعادة المبالغ غير المستحقة بناءً على تقرير خبير هندسي يحدد الأعمال المنفذة وقيمتها، وذلك عند توقف المقاول عن تنفيذ التزاماته التعاقدية.). تقدم إجابات دقيقة.,أنا صاحب شركة تعاقدت مع مقاول لتنفيذ مشروع، دفعت له جزءاً كبيراً من المبلغ، لكنه توقف عن العمل فجأة ولم يكمل المشروع. ما هي الخطوات التي يمكنني اتخاذها لاسترداد حقوقي وإنهاء العقد معه؟,"يمكنك رفع دعوى قضائية أمام المحكمة التجارية لطلب فسخ العقد وإلزام المقاول بإعادة المبالغ التي لم يقابلها عمل، مع المطالبة بأي تعويضات عن الأضرار الناتجة عن توقفه. ستقوم المحكمة على الأرجح بندب خبير هندسي لتقييم الأعمال المنجزة وتحديد المبالغ المستحقة وغير المستحقة.

(المصدر: حكم رقم ٤٥٧٠٥٨٢٤٩٣ لعام ١٤٤٥هـ | نسبة تأكيد الربط: 25.25%)",٤٥٧٠٥٨٢٤٩٣,١٤٤٥,,pending
أنت مستشار قانوني سعودي، متخصص في الدعاوى (فسخ عقد مقاولة تجاري لعدم التنفيذ) وتحديداً في مسائل (يثبت فسخ العقد التجاري وإلزام الطرف المخل بإعادة المبالغ غير المستحقة بناءً على تقرير خبير هندسي يحدد الأعمال المنفذة وقيمتها، وذلك عند توقف المقاول عن تنفيذ التزاماته التعاقدية.). تقدم إجابات دقيقة.,ما هي الإجراءات المتبعة لندب خبير هندسي في المنازعات التجارية المتعلقة بعقود المقاولة، ومن يتحمل تكاليفه؟,"يتم ندب الخبير الهندسي بناءً على طلب أحد الأطراف أو بقرار من المحكمة لتقدير الأعمال المنفذة، قيمتها، وبيان المستحق وغير المستحق. ويتحمل الخصم الذي خسر المطالبة محل الخبرة المبلغ المقرر للخبرة، أو يتحمل كل خصم بقدر خسارته إذا كانت الخسارة نسبية، وفقاً للمادة (١٢٢) من نظام الإثبات.

(المصدر: حكم رقم ٤٥٧٠٥٨٢٤٩٣ لعام ١٤٤٥هـ | نسبة تأكيد الربط: 25.25%)",٤٥٧٠٥٨٢٤٩٣,١٤٤٥,,pending
أنت مستشار قانوني سعودي، متخصص في الدعاوى (منازعات الشركات) وتحديداً في مسائل (الآثار القانونية المترتبة على ترك الخصومة في الدعوى القضائية). تقدم إجابات دقيقة.,ما هو مفهوم ترك الخصومة وما هي آثاره القانونية؟,"ترك الخصومة هو تنازل المدعي عن دعواه القائمة أمام المحكمة مع احتفاظه بالحق المدعى به. يترتب على الترك إلغاء جميع إجراءات الخصومة بما في ذلك صحيفة الدعوى، لكنه لا يمس الحق المدعى به، مما يجيز للمدعي تجديد المطالبة به في أي وقت.

(المصدر: حكم رقم ٤٥٧٠٥٢٩١٠٨ لعام ١٤٤٥هـ | نسبة تأكيد الربط: 52.76%)",٤٥٧٠٥٢٩١٠٨,١٤٤٥,,pending
أنت مستشار قانوني سعودي، متخصص في الدعاوى (منازعات الشركات) وتحديداً في مسائل (الآثار القانونية المترتبة على ترك الخصومة في الدعوى القضائية). تقدم إجابات دقيقة.,أنا مدعي في قضية تجارية، وقررت التنازل عن دعواي الحالية لأسباب إجرائية، لكنني أرغب في الاحتفاظ بحقي في المطالبة مستقبلاً. هل يمكنني ذلك، وما هي الخطوات لضمان عدم فقدان حقي؟,"نعم، يمكنك ذلك من خلال طلب 'ترك الخصومة'. هذا الإجراء يسمح لك بالتنازل عن الدعوى القائمة مع الاحتفاظ بحقك الأصلي في المطالبة، بحيث يمكنك تجديد المطالبة به في أي وقت لاحق. يجب أن يتم طلب الترك بتبليغ الخصم، أو بتقرير لدى الكاتب المختص، أو ببيان صريح في مذكرة، أو شفهيًا في الجلسة وإثباته في الضبط. إذا كان المدعى عليه قد أبدى دفوعه، فيلزم موافقته على الترك.

(المصدر: حكم رقم ٤٥٧٠٥٢٩١٠٨ لعام ١٤٤٥هـ | نسبة تأكيد الربط: 52.76%)",٤٥٧٠٥٢٩١٠٨,١٤٤٥,,pending
أنت مستشار قانوني سعودي، متخصص في الدعاوى (منازعات الشركات) وتحديداً في مسائل (الآثار القانونية المترتبة على ترك الخصومة في الدعوى القضائية). تقدم إجابات دقيقة.,ما هي الطرق المعتمدة لتقديم طلب ترك الخصومة في المحكمة التجارية وفقاً لنظام المرافعات الشرعية؟,"يمكن تقديم طلب ترك الخصومة بعدة طرق: بتبليغ يوجه إلى الخصم، أو بتقرير من المدعي لدى الكاتب المختص في المحكمة، أو ببيان صريح في مذكرة موقع عليها من المدعي أو وكيله مع إطلاع الخصم عليها، أو بإبداء الطلب شفهيًا في الجلسة وإثباته في ضبطها.

(المصدر: حكم رقم ٤٥٧٠٥٢٩١٠٨ لعام ١٤٤٥هـ | نسبة تأكيد الربط: 52.76%)",٤٥٧٠٥٢٩١٠٨,١٤٤٥,,pending
أنت مستشار قانوني سعودي، متخصص في الدعاوى (منازعات الشراكة التجارية واسترداد رأس المال) وتحديداً في مسائل (التزام المضارب برد رأس المال إلى رب المال عند انتهاء عقد المضاربة أو عدم الوفاء بشروطه، وتأكيد مبدأ سلامة رأس المال.). تقدم إجابات دقيقة.,ما هو التزام المضارب تجاه رب المال فيما يتعلق برأس المال عند انتهاء عقد المضاربة أو عدم الوفاء بشروطه؟,"يلتزم المضارب بأن يزود رب المال بالمعلومات المتعلقة بأعمال المضاربة ويقدم له حساباً عنها عند انتهائها، كما يلتزم برد نصيب رب المال من مال المضاربة إليه عند انتهاء العقد، وذلك تأسيساً على مبدأ سلامة رأس المال.

(المصدر: حكم رقم ٤٥٧١٤٠٦٣٩١ لعام ١٤٤٥هـ | نسبة تأكيد الربط: 47.11%)",٤٥٧١٤٠٦٣٩١,١٤٤٥,,pending
أنت مستشار قانوني سعودي، متخصص في الدعاوى (منازعات الشراكة التجارية واسترداد رأس المال) وتحديداً في مسائل (التزام المضارب برد رأس المال إلى رب المال عند انتهاء عقد المضاربة أو عدم الوفاء بشروطه، وتأكيد مبدأ سلامة رأس المال.). تقدم إجابات دقيقة.,أنا مستثمر دخلت في شراكة تجارية بمبلغ 200 ألف ريال لبيع وشراء منتجات معينة، واتفقنا على نسبة أرباح لي، لكن الشريك لم يلتزم بالعمل المتفق عليه ولم يحقق أي أرباح. هل يمكنني استرداد رأس مالي؟ وما هي المستندات التي تدعم موقفي؟,"نعم، يمكنك المطالبة باسترداد رأس مالك المدفوع، خاصة إذا لم يلتزم الشريك بالعمل المتفق عليه أو لم يفِ بشروط العقد. المستندات التي تدعم موقفك تشمل عقد الشراكة المبرم بينكما، وإثباتات دفع رأس المال (مثل الحوالات البنكية)، وأي مراسلات أو وثائق تثبت عدم التزام الشريك أو انتهاء مدة العقد دون تحقيق الغرض منه.

(المصدر: حكم رقم ٤٥٧١٤٠٦٣٩١ لعام ١٤٤٥هـ | نسبة تأكيد الربط: 47.11%)",٤٥٧١٤٠٦٣٩١,١٤٤٥,,pending
أنت مستشار قانوني سعودي، متخصص في الدعاوى (منازعات الشراكة التجارية واسترداد رأس المال) وتحديداً في مسائل (التزام المضارب برد رأس المال إلى رب المال عند انتهاء عقد المضاربة أو عدم الوفاء بشروطه، وتأكيد مبدأ سلامة رأس المال.). تقدم إجابات دقيقة.,في دعوى استرداد رأس مال شراكة، ما هي الإجراءات التي تتخذها المحكمة إذا تخلفت المدعى عليها عن تقديم دفاعها أو لم تحضر الجلسات؟,"إذا تخلفت المدعى عليها عن تقديم دفاعها أو لم تحضر الجلسات بعد تبليغها بشكل صحيح، فإن المحكمة قد تعتبر ذلك نكولاً عن الدفاع، مما قد يؤكد صحة مطالبة المدعي. وفي هذه الحالة، تستمر المحكمة في نظر الدعوى بناءً على المستندات والأدلة المقدمة من المدعي، وقد تصدر حكمها بناءً على ما توفر لديها من بينات.

(المصدر: حكم رقم ٤٥٧١٤٠٦٣٩١ لعام ١٤٤٥هـ | نسبة تأكيد الربط: 47.11%)",٤٥٧١٤٠٦٣٩١,١٤٤٥,,pending
أنت مستشار قانوني سعودي، متخصص في الدعاوى (منازعات تجارية - عقود بيع) وتحديداً في مسائل (التعويض عن أضرار التقاضي والإقرار القضائي). تقدم إجابات دقيقة.,ما هي المعايير التي تستند إليها المحكمة التجارية لتقدير التعويض عن مصاريف التقاضي؟,"تستند المحكمة التجارية في تقدير التعويض عن مصاريف التقاضي إلى عدة معايير منصوص عليها في المادة (١٦٤) من اللائحة التنفيذية لنظام المحاكم التجارية، وتشمل هذه المعايير: جسامة الضرر، مقدار المبلغ المحكوم به في الدعوى الأصلية، مدى مماطلة المحكوم عليه، العرف أو العادة المستقرة، ورأي الخبير عند الاقتضاء.

(المصدر: حكم رقم ٤٥٧٠٨٧٦٢٦٣ لعام ١٤٤٥هـ | نسبة تأكيد الربط: 27.77%)",٤٥٧٠٨٧٦٢٦٣,١٤٤٥,,pending
أنت مستشار قانوني سعودي، متخصص في الدعاوى (منازعات تجارية - عقود بيع) وتحديداً في مسائل (التعويض عن أضرار التقاضي والإقرار القضائي). تقدم إجابات دقيقة.,أنا صاحب شركة، أقمت دعوى تجارية ضد مورد لم يسلمني البضاعة بعد سداد كامل الثمن، وقد أقر المورد بالدين في المحكمة. هل يمكنني المطالبة بتعويض عن أتعاب المحاماة التي تكبدتها لرفع هذه الدعوى؟,"نعم، يمكنك المطالبة بتعويض عن أتعاب المحاماة. فإذا أقر المورد بالدين، وتبين للمحكمة أن مماطلته أو عدم تسليمه للبضاعة هو ما ألجأ شركتك إلى إقامة الدعوى، فمن المرجح أن تحكم المحكمة لك بتعويض عن مصاريف التقاضي، مع الأخذ في الاعتبار العوامل المذكورة في المادة 164 من اللائحة التنفيذية لنظام المحاكم التجارية لتقدير مبلغ التعويض بشكل عادل.

(المصدر: حكم رقم ٤٥٧٠٨٧٦٢٦٣ لعام ١٤٤٥هـ | نسبة تأكيد الربط: 27.77%)",٤٥٧٠٨٧٦٢٦٣,١٤٤٥,,pending
أنت مستشار قانوني سعودي، متخصص في الدعاوى (منازعات تجارية - عقود بيع) وتحديداً في مسائل (التعويض عن أضرار التقاضي والإقرار القضائي). تقدم إجابات دقيقة.,ما هو الأثر القانوني للإقرار القضائي الصادر عن المدعى عليه في المنازعات التجارية؟,"الإقرار القضائي الصادر عن المدعى عليه، إذا صدر صحيحاً ومستوفياً لأركانه وشروطه، يعتبر حجة قاطعة على المقر وقاصرة عليه، ويكون فيصلاً حاسماً في النزاع أمام القاضي، ويرتب أثره بإظهار الحق المعترف به وارتفاع مناط الخلاف بصدده، مما يؤدي إلى قبول الطلب المتعلق بالمبلغ المقر به.

(المصدر: حكم رقم ٤٥٧٠٨٧٦٢٦٣ لعام ١٤٤٥هـ | نسبة تأكيد الربط: 27.77%)",٤٥٧٠٨٧٦٢٦٣,١٤٤٥,,pending
أنت مستشار قانوني سعودي، متخصص في الدعاوى (دعوى تجارية) وتحديداً في مسائل (بطلان عقد الشراكة الاستثمارية المبرم من مستثمر أجنبي لعدم حصوله على ترخيص مزاولة الاستثمار الأجنبي، مما يجعل محل العقد مخالفاً للنظام العام وسببه غير مشروع، ويوجب إعادة الطرفين إلى الحالة التي كانا عليها قبل التعاقد.). تقدم إجابات دقيقة.,ما هو الأثر القانوني المترتب على إبرام عقد استثمار في المملكة العربية السعودية من قبل مستثمر أجنبي لا يملك ترخيصاً بذلك؟,"يقع العقد باطلاً لمخالفته النظام العام وعدم مشروعية سببه، وذلك لعدم حصول المستثمر الأجنبي على الترخيص اللازم لمزاولة الاستثمار وفقاً لنظام الاستثمار الأجنبي، ويترتب على ذلك وجوب إعادة الطرفين إلى الحالة التي كانا عليها قبل التعاقد.

(المصدر: حكم رقم ٤٥٧٠٦٧٩٨٧٥ لعام ١٤٤٥هـ | نسبة تأكيد الربط: 38.02%)",٤٥٧٠٦٧٩٨٧٥,١٤٤٥,,pending
أنت مستشار قانوني سعودي، متخصص في الدعاوى (دعوى تجارية) وتحديداً في مسائل (بطلان عقد الشراكة الاستثمارية المبرم من مستثمر أجنبي لعدم حصوله على ترخيص مزاولة الاستثمار الأجنبي، مما يجعل محل العقد مخالفاً للنظام العام وسببه غير مشروع، ويوجب إعادة الطرفين إلى الحالة التي كانا عليها قبل التعاقد.). تقدم إجابات دقيقة.,أنا مستثمر أجنبي دخلت في شراكة مضاربة مع طرف سعودي لبيع وشراء التمور، ودفعت له رأس مال، لكنني لم أستخرج ترخيص استثمار أجنبي. الآن الطرف الآخر يرفض رد رأس المال أو دفع الأرباح. ما هو موقفي القانوني وهل يمكنني استرداد رأس مالي؟,"بما أنك مستثمر أجنبي ولم تحصل على ترخيص لمزاولة الاستثمار في المملكة، فإن عقد الشراكة المبرم يعتبر باطلاً لمخالفته نظام الاستثمار الأجنبي والنظام العام. وعلى الرغم من بطلان العقد، يحق لك استرداد رأس المال الذي دفعته، حيث يوجب النظام إعادة الطرفين إلى الحالة التي كانا عليها قبل التعاقد. أما المطالبة بالأرباح فقد لا تكون ممكنة في ظل بطلان العقد.

(المصدر: حكم رقم ٤٥٧٠٦٧٩٨٧٥ لعام ١٤٤٥هـ | نسبة تأكيد الربط: 38.02%)",٤٥٧٠٦٧٩٨٧٥,١٤٤٥,,pending
أنت مستشار قانوني سعودي، متخصص في الدعاوى (دعوى تجارية) وتحديداً في مسائل (بطلان عقد الشراكة الاستثمارية المبرم من مستثمر أجنبي لعدم حصوله على ترخيص مزاولة الاستثمار الأجنبي، مما يجعل محل العقد مخالفاً للنظام العام وسببه غير مشروع، ويوجب إعادة الطرفين إلى الحالة التي كانا عليها قبل التعاقد.). تقدم إجابات دقيقة.,ما هي المواد النظامية التي تستند إليها المحكمة لإبطال عقد استثمار أجنبي غير مرخص، وما هو الأثر المترتب على هذا الإبطال؟,"تستند المحكمة إلى المادة (٢) من نظام الاستثمار الأجنبي التي تشترط الحصول على ترخيص لمزاولة الاستثمار الأجنبي، والمادة (٧٢) من نظام المعاملات المدنية التي تنص على بطلان العقد إذا كان محله مخالفاً للنظام العام، والمادة (٧٥) من ذات النظام التي تبطل العقد إذا كان السبب الباعث على التعاقد غير مشروع. ويترتب على هذا الإبطال وجوب إعادة الطرفين إلى الحالة التي كانا عليها قبل التعاقد، وذلك وفقاً للمادة (٨٢) من نظام المعاملات المدنية، مما يعني إلزام الطرف الذي استلم رأس المال برده.

(المصدر: حكم رقم ٤٥٧٠٦٧٩٨٧٥ لعام ١٤٤٥هـ | نسبة تأكيد الربط: 38.02%)",٤٥٧٠٦٧٩٨٧٥,١٤٤٥,,pending
أنت مستشار قانوني سعودي، متخصص في الدعاوى (منازعة تجارية - صلح قضائي) وتحديداً في مسائل (الصلح الذي يتم بين الأطراف أمام المحكمة التجارية ويُثبت في محضر الجلسة المعتمد يُعد سنداً تنفيذيًّا وتنقضي به الدعوى.). تقدم إجابات دقيقة.,ما هو الأثر القانوني للصلح الذي يتم بين أطراف الدعوى أمام المحكمة التجارية؟,"الصلح الذي يتم بين الأطراف أمام المحكمة التجارية ويُثبت في محضر الجلسة المعتمد يُعد سنداً تنفيذيًّا، وتنقضي به الدعوى، ويلزم الطرفين بما اتفقا عليه.

(المصدر: حكم رقم 4670311214 لعام 1446هـ | نسبة تأكيد الربط: 28.38%)",4670311214,1446,,pending
أنت مستشار قانوني سعودي، متخصص في الدعاوى (منازعة تجارية - صلح قضائي) وتحديداً في مسائل (الصلح الذي يتم بين الأطراف أمام المحكمة التجارية ويُثبت في محضر الجلسة المعتمد يُعد سنداً تنفيذيًّا وتنقضي به الدعوى.). تقدم إجابات دقيقة.,أنا عميل لدي نزاع تجاري مع شركة أخرى، وقد توصلنا إلى اتفاق ودي لإنهاء النزاع. هل يمكننا إثبات هذا الاتفاق أمام المحكمة ليكون له قوة قانونية ملزمة؟ وما هي الخطوات؟,"نعم، يمكنكم إثبات هذا الاتفاق أمام المحكمة التجارية. يجب عليكم طلب تدوين ما اتفقتم عليه من صلح في محضر الجلسة، ويوقع الأطراف عليه، ويعتمده رئيس الجلسة. بعد اعتماده، يُعد محضر الجلسة سنداً تنفيذيًّا، وتنقضي به الدعوى، ويصبح ملزماً للطرفين.

(المصدر: حكم رقم 4670311214 لعام 1446هـ | نسبة تأكيد الربط: 28.38%)",4670311214,1446,,pending
أنت مستشار قانوني سعودي، متخصص في الدعاوى (منازعة تجارية - صلح قضائي) وتحديداً في مسائل (الصلح الذي يتم بين الأطراف أمام المحكمة التجارية ويُثبت في محضر الجلسة المعتمد يُعد سنداً تنفيذيًّا وتنقضي به الدعوى.). تقدم إجابات دقيقة.,ما هي الإجراءات الدقيقة التي تتبعها المحكمة التجارية لإثبات الصلح بين الخصوم وجعله سنداً تنفيذياً؟,"وفقاً للمادة 29/2 من نظام المحاكم التجارية، إذا اتفق الأطراف على الصلح أمام الدائرة، يُثبت ذلك في محضر الجلسة، ويوقع الأطراف عليه، ويعتمده رئيس الجلسة. بعد ذلك، يُعد محضر الجلسة المعتمد سنداً تنفيذيًّا، وتُسلم صورته وفقاً لإجراءات تسليم الأحكام، وتعد الدعوى منقضية بذلك.

(المصدر: حكم رقم 4670311214 لعام 1446هـ | نسبة تأكيد الربط: 28.38%)",4670311214,1446,,pending
أنت مستشار قانوني سعودي، متخصص في الدعاوى (نزاع تجاري (عقد توريد)) وتحديداً في مسائل (جواز الصلح بين الخصوم وإلزاميته متى تم إثباته في محضر الدعوى وصدر به صك من المحكمة، ما لم يخالف الشرع أو النظام.). تقدم إجابات دقيقة.,ما هو الأثر القانوني للصلح الذي يتم الاتفاق عليه بين الأطراف أمام المحكمة؟,"الصلح الذي يتفق عليه الأطراف أمام المحكمة ويتم تدوينه في محضر الدعوى ويصدر به صك من المحكمة، يكون ملزماً للطرفين وينهي النزاع بينهما، وذلك ما لم يخالف أحكام الشريعة الإسلامية أو الأنظمة المرعية.

(المصدر: حكم رقم ٤٥٧٠٥٧٥٥٥٥ لعام ١٤٤٥هـ | نسبة تأكيد الربط: 28.55%)",٤٥٧٠٥٧٥٥٥٥,١٤٤٥,,pending
أنت مستشار قانوني سعودي، متخصص في الدعاوى (نزاع تجاري (عقد توريد)) وتحديداً في مسائل (جواز الصلح بين الخصوم وإلزاميته متى تم إثباته في محضر الدعوى وصدر به صك من المحكمة، ما لم يخالف الشرع أو النظام.). تقدم إجابات دقيقة.,أنا صاحب شركة، وقد توصلت مع خصمي في دعوى تجارية إلى اتفاق صلح أمام المحكمة. هل هذا الاتفاق ينهي النزاع بشكل قطعي؟ وما هي الخطوة التالية لضمان حقوقي؟,"نعم، الاتفاق الذي توصلت إليه مع خصمك أمام المحكمة يعتبر حاسماً للنزاع إذا تم تدوينه في محضر الجلسة وصدر به صك من المحكمة. لضمان حقوقك، يجب التأكد من أن المحكمة قد أثبتت هذا الصلح في محضر الدعوى وأصدرت حكماً بإلزاميته وفقاً للاتفاق، وبذلك يصبح الحكم نهائياً وملزماً للطرفين.

(المصدر: حكم رقم ٤٥٧٠٥٧٥٥٥٥ لعام ١٤٤٥هـ | نسبة تأكيد الربط: 28.55%)",٤٥٧٠٥٧٥٥٥٥,١٤٤٥,,pending
أنت مستشار قانوني سعودي، متخصص في الدعاوى (نزاع تجاري (عقد توريد)) وتحديداً في مسائل (جواز الصلح بين الخصوم وإلزاميته متى تم إثباته في محضر الدعوى وصدر به صك من المحكمة، ما لم يخالف الشرع أو النظام.). تقدم إجابات دقيقة.,ما هي الإجراءات القضائية التي تتبعها المحكمة لإثبات اتفاق الصلح بين الخصوم وإصدار حكم بشأنه؟,"وفقاً للمادة (70) من نظام المرافعات الشرعية، إذا طلب الخصوم من المحكمة تدوين ما اتفقوا عليه من صلح في محضر الدعوى، فعلى المحكمة إثبات هذا الاتفاق في المحضر، ثم تصدر صكاً بذلك. هذا الصك يكون بمثابة حكم قضائي يلزم الطرفين بما اتفقا عليه.

(المصدر: حكم رقم ٤٥٧٠٥٧٥٥٥٥ لعام ١٤٤٥هـ | نسبة تأكيد الربط: 28.55%)",٤٥٧٠٥٧٥٥٥٥,١٤٤٥,,pending
أنت مستشار قانوني سعودي، متخصص في الدعاوى (منازعات تجارية - مطالبة مالية وتعويض عن أضرار التقاضي) وتحديداً في مسائل (يحق للمحكمة تضمين حكمها الفصل في طلب التعويض عن مصاريف التقاضي إذا أحوج المدعى عليه المدعي للشاكية، مع مراعاة عدة عوامل في تقدير التعويض، حتى لو تم سداد أصل المطالبة لاحقًا.). تقدم إجابات دقيقة.,ما هو الأساس القانوني لتعويض المدعي عن مصاريف التقاضي في الدعاوى التجارية؟,"تُلزم المادة (164) من اللائحة التنفيذية لنظام المحاكم التجارية المحكمة بتضمين حكمها الفصل في طلب التعويض عن الأضرار المادية والمعنوية، بما في ذلك مصاريف التقاضي، إذا أحوج المدعى عليه المدعي للشاكية، حتى لو تم سداد أصل المطالبة لاحقًا.

(المصدر: حكم رقم ٤٥٧٠٣٠٨٤٧٠ لعام ١٤٤٥هـ | نسبة تأكيد الربط: 27.02%)",٤٥٧٠٣٠٨٤٧٠,١٤٤٥,,pending
أنت مستشار قانوني سعودي، متخصص في الدعاوى (منازعات تجارية - مطالبة مالية وتعويض عن أضرار التقاضي) وتحديداً في مسائل (يحق للمحكمة تضمين حكمها الفصل في طلب التعويض عن مصاريف التقاضي إذا أحوج المدعى عليه المدعي للشاكية، مع مراعاة عدة عوامل في تقدير التعويض، حتى لو تم سداد أصل المطالبة لاحقًا.). تقدم إجابات دقيقة.,أنا مدعى عليّ في قضية تجارية، وقمت بسداد المبلغ الأصلي للمطالبة قبل صدور الحكم، فهل يمكن أن أُلزم بدفع أتعاب التقاضي للمدعي؟,"نعم، إذا ثبت أنك أحوجت المدعي لرفع الدعوى بسبب تأخرك في السداد أو عدم الوفاء بالالتزام في وقته، فإن المحكمة قد تلزمك بدفع أتعاب التقاضي كتعويض للمدعي، حتى لو سددت أصل المبلغ لاحقًا، وذلك استنادًا للمادة (164) من اللائحة التنفيذية لنظام المحاكم التجارية.

(المصدر: حكم رقم ٤٥٧٠٣٠٨٤٧٠ لعام ١٤٤٥هـ | نسبة تأكيد الربط: 27.02%)",٤٥٧٠٣٠٨٤٧٠,١٤٤٥,,pending
أنت مستشار قانوني سعودي، متخصص في الدعاوى (منازعات تجارية - مطالبة مالية وتعويض عن أضرار التقاضي) وتحديداً في مسائل (يحق للمحكمة تضمين حكمها الفصل في طلب التعويض عن مصاريف التقاضي إذا أحوج المدعى عليه المدعي للشاكية، مع مراعاة عدة عوامل في تقدير التعويض، حتى لو تم سداد أصل المطالبة لاحقًا.). تقدم إجابات دقيقة.,ما هي العوامل التي تأخذها المحكمة في الاعتبار عند تقدير مبلغ التعويض عن مصاريف التقاضي؟,"تراعي المحكمة في تقدير التعويض عن مصاريف التقاضي عدة عوامل منها: جسامة الضرر، مقدار المبلغ المحكوم به، مماطلة المحكوم عليه، العرف أو العادة المستقرة، ورأي الخبير عند الاقتضاء، وذلك وفقًا للمادة (164) من اللائحة التنفيذية لنظام المحاكم التجارية.

(المصدر: حكم رقم ٤٥٧٠٣٠٨٤٧٠ لعام ١٤٤٥هـ | نسبة تأكيد الربط: 27.02%)",٤٥٧٠٣٠٨٤٧٠,١٤٤٥,,pending
أنت مستشار قانوني سعودي، متخصص في الدعاوى (قضاء مستعجل تجاري) وتحديداً في مسائل (يشترط لقبول الطلب المستعجل توافر صفة الاستعجال المتمثلة في وجود خطر يلحق بالمدعي ضرراً لا يمكن تداركه بإجراءات التقاضي العادية، وأن يكون الطلب يخشى عليه فوات الوقت، ولا يدخل ضمن ذلك الطلبات الموضوعية التي يمكن النظر فيها على التراخي.). تقدم إجابات دقيقة.,ما هي الشروط الأساسية لقبول الطلب المستعجل في المحاكم التجارية؟,"يشترط لقبول الطلب المستعجل وجود الضرر المحدق، والفوات الموشك، وثبوت صفة الاستعجال، بحيث يكون هناك خطر يلحق بالمدعي ضرراً لا يمكن تداركه باللجوء إلى إجراءات التقاضي العادية.

(المصدر: حكم رقم ٤٥٧٠٩٤٥٠٢١ لعام ١٤٤٥هـ | نسبة تأكيد الربط: 49.25%)",٤٥٧٠٩٤٥٠٢١,١٤٤٥,,pending
أنت مستشار قانوني سعودي، متخصص في الدعاوى (قضاء مستعجل تجاري) وتحديداً في مسائل (يشترط لقبول الطلب المستعجل توافر صفة الاستعجال المتمثلة في وجود خطر يلحق بالمدعي ضرراً لا يمكن تداركه بإجراءات التقاضي العادية، وأن يكون الطلب يخشى عليه فوات الوقت، ولا يدخل ضمن ذلك الطلبات الموضوعية التي يمكن النظر فيها على التراخي.). تقدم إجابات دقيقة.,لدي مستند مهم أشك في تزوير ختمه وأرغب في التحفظ عليه قضائيًا لإثبات التزوير في دعوى لاحقة. هل يمكنني تقديم طلب مستعجل لذلك؟,"لا يُعد طلب التحفظ على مستند لمراجعة الختم وإثبات تزويره طلبًا مستعجلاً بالضرورة، لأنه طلب موضوعي يمكن النظر فيه على التراخي ولا يوجد فيه ما يُخشى فواته، وبالتالي قد لا تتوفر فيه مبررات الاستعجال لقبوله كطلب مستعجل.

(المصدر: حكم رقم ٤٥٧٠٩٤٥٠٢١ لعام ١٤٤٥هـ | نسبة تأكيد الربط: 49.25%)",٤٥٧٠٩٤٥٠٢١,١٤٤٥,,pending
أنت مستشار قانوني سعودي، متخصص في الدعاوى (قضاء مستعجل تجاري) وتحديداً في مسائل (يشترط لقبول الطلب المستعجل توافر صفة الاستعجال المتمثلة في وجود خطر يلحق بالمدعي ضرراً لا يمكن تداركه بإجراءات التقاضي العادية، وأن يكون الطلب يخشى عليه فوات الوقت، ولا يدخل ضمن ذلك الطلبات الموضوعية التي يمكن النظر فيها على التراخي.). تقدم إجابات دقيقة.,ما هو نطاق نظر المحكمة التجارية عند الفصل في الطلبات المستعجلة؟,"يقتصر نظر المحكمة في الطلب المستعجل على مدى توافر شروط الطلب المستعجل (كالضرر المحدق والاستعجال)، دون التحقق من ثبوت الحق الموضوعي نفسه.

(المصدر: حكم رقم ٤٥٧٠٩٤٥٠٢١ لعام ١٤٤٥هـ | نسبة تأكيد الربط: 49.25%)",٤٥٧٠٩٤٥٠٢١,١٤٤٥,,pending
أنت مستشار قانوني سعودي، متخصص في الدعاوى (منازعة تجارية - مطالبة مالية) وتحديداً في مسائل (تعتبر وثيقة التعهد والالتزام المصدقة من الغرفة التجارية بينة كافية لإثبات المطالبة المالية، ويسقط دفع المدعى عليه إذا لم يقدم بينة موصلة لدحضها أو إثبات تنازل المدعي عن حقه.). تقدم إجابات دقيقة.,ما هي حجية وثيقة التعهد والالتزام المصدقة من الغرفة التجارية في إثبات المطالبة المالية؟,"تعتبر وثيقة التعهد والالتزام المصدقة من الغرفة التجارية بينة قوية وكافية لإثبات المطالبة المالية، وتعتمد عليها المحكمة في الحكم بإلزام المدين ما لم يقدم بينة قوية تدحضها.

(المصدر: حكم رقم ٤٥٧١٢٢٩٨٣٢ لعام ١٤٤٥هـ | نسبة تأكيد الربط: 18.5%)",٤٥٧١٢٢٩٨٣٢,١٤٤٥,,pending
أنت مستشار قانوني سعودي، متخصص في الدعاوى (منازعة تجارية - مطالبة مالية) وتحديداً في مسائل (تعتبر وثيقة التعهد والالتزام المصدقة من الغرفة التجارية بينة كافية لإثبات المطالبة المالية، ويسقط دفع المدعى عليه إذا لم يقدم بينة موصلة لدحضها أو إثبات تنازل المدعي عن حقه.). تقدم إجابات دقيقة.,أنا صاحب شركة قمت ببيع بضاعة لشركة أخرى بموجب تعهد والتزام مصدق من الغرفة التجارية، ولم تسدد الشركة المبلغ. ما هي فرصي في استرداد حقي قضائياً؟,"فرصك في استرداد حقك القضائي قوية جداً، حيث أن وثيقة التعهد والالتزام المصدقة من الغرفة التجارية تُعد بينة قاطعة على صحة المطالبة. ستقوم المحكمة بإلزام الشركة المدعى عليها بالسداد ما لم تتمكن من تقديم بينة قوية وموصلة تثبت سدادها أو تنازلك عن المبلغ أو بطلان الوثيقة.

(المصدر: حكم رقم ٤٥٧١٢٢٩٨٣٢ لعام ١٤٤٥هـ | نسبة تأكيد الربط: 18.5%)",٤٥٧١٢٢٩٨٣٢,١٤٤٥,,pending
أنت مستشار قانوني سعودي، متخصص في الدعاوى (منازعة تجارية - مطالبة مالية) وتحديداً في مسائل (تعتبر وثيقة التعهد والالتزام المصدقة من الغرفة التجارية بينة كافية لإثبات المطالبة المالية، ويسقط دفع المدعى عليه إذا لم يقدم بينة موصلة لدحضها أو إثبات تنازل المدعي عن حقه.). تقدم إجابات دقيقة.,في حال أنكر المدعى عليه صحة وثيقة التعهد المصدقة من الغرفة التجارية، ما هي الإجراءات التي تتخذها المحكمة للتحقق من صحتها؟,"في حال أنكر المدعى عليه صحة الوثيقة المصدقة، فإن المحكمة تطلب منه تقديم بينة لدحضها أو إثبات تزويرها. كما يمكن للمحكمة التحقق من صحة التصديق عبر مخاطبة الغرفة التجارية المصدرة للتصديق، وفي حال عدم تقديم المدعى عليه بينة موصلة لدحضها، فإن المحكمة تعتمد على الوثيقة كبينة صحيحة.

(المصدر: حكم رقم ٤٥٧١٢٢٩٨٣٢ لعام ١٤٤٥هـ | نسبة تأكيد الربط: 18.5%)",٤٥٧١٢٢٩٨٣٢,١٤٤٥,,pending
أنت مستشار قانوني سعودي، متخصص في الدعاوى (قضية تجارية) وتحديداً في مسائل (يترتب على نكول المدعى عليه عن أداء اليمين الحاسمة، بعد توجيهها إليه من المدعي وإبلاغه بها، الحكم عليه بما ادعاه المدعي.). تقدم إجابات دقيقة.,ما هي الآثار القانونية المترتبة على تخلف المدعى عليه عن أداء اليمين الحاسمة بعد توجيهها إليه؟,"إذا تخلف المدعى عليه عن الحضور لأداء اليمين الحاسمة الموجهة إليه من المدعي بعد تبلغه بها، يُعد ناكلاً عن اليمين، ويترتب على ذلك الحكم عليه بما ادعاه المدعي، وذلك استناداً للمادة (103) من نظام الإثبات.

(المصدر: حكم رقم ٤٥٧٠٤٩٦٢٦٨ لعام ١٤٤٥هـ | نسبة تأكيد الربط: 39.19%)",٤٥٧٠٤٩٦٢٦٨,١٤٤٥,,pending
أنت مستشار قانوني سعودي، متخصص في الدعاوى (قضية تجارية) وتحديداً في مسائل (يترتب على نكول المدعى عليه عن أداء اليمين الحاسمة، بعد توجيهها إليه من المدعي وإبلاغه بها، الحكم عليه بما ادعاه المدعي.). تقدم إجابات دقيقة.,أنا مدعي في قضية تجارية، وقد أسقطت بيناتي وطلبت توجيه اليمين الحاسمة للمدعى عليه لإثبات حقي، لكنه لم يحضر الجلسة المخصصة لأداء اليمين رغم تبليغه. ما هو الإجراء المتوقع من المحكمة في هذه الحالة؟,"في هذه الحالة، ستعتبر المحكمة المدعى عليه ناكلاً عن أداء اليمين لتخلفه عن الحضور رغم تبلغه، وبناءً على ذلك، من المتوقع أن تحكم المحكمة لصالحك بإلزام المدعى عليه بالمبلغ المطالب به، وذلك وفقاً لأحكام نظام الإثبات.

(المصدر: حكم رقم ٤٥٧٠٤٩٦٢٦٨ لعام ١٤٤٥هـ | نسبة تأكيد الربط: 39.19%)",٤٥٧٠٤٩٦٢٦٨,١٤٤٥,,pending
أنت مستشار قانوني سعودي، متخصص في الدعاوى (قضية تجارية) وتحديداً في مسائل (يترتب على نكول المدعى عليه عن أداء اليمين الحاسمة، بعد توجيهها إليه من المدعي وإبلاغه بها، الحكم عليه بما ادعاه المدعي.). تقدم إجابات دقيقة.,ما هي الخطوات الإجرائية التي تتبعها المحكمة عند طلب المدعي توجيه اليمين الحاسمة للمدعى عليه وتخلف الأخير عن الحضور لأدائها؟,"عند طلب المدعي توجيه اليمين الحاسمة، تقوم المحكمة أولاً بالتأكد من صلاحية الوكيل لطلب اليمين، ثم تؤجل الجلسة لتبليغ المدعى عليه بموعد أداء اليمين. إذا تخلف المدعى عليه عن الحضور لأداء اليمين بعد تبلغه، تعده المحكمة ناكلاً عن اليمين، وتقفل باب المرافعة وتصدر حكمها بإلزام المدعى عليه بما ادعاه المدعي بناءً على هذا النكول.

(المصدر: حكم رقم ٤٥٧٠٤٩٦٢٦٨ لعام ١٤٤٥هـ | نسبة تأكيد الربط: 39.19%)",٤٥٧٠٤٩٦٢٦٨,١٤٤٥,,pending
أنت مستشار قانوني سعودي، متخصص في الدعاوى (منازعات تجارية - عقود مقاولات) وتحديداً في مسائل (التعويض عن أضرار التقاضي بسبب مماطلة المدين). تقدم إجابات دقيقة.,ما هي المعايير التي تأخذها المحكمة في الاعتبار عند تقدير التعويض عن أضرار التقاضي؟,"تراعي المحكمة في تقدير التعويض عن الأضرار المادية والمعنوية، بما في ذلك مصاريف التقاضي، جسامة الضرر، ومقدار المبلغ المحكوم به، ومماطلة المحكوم عليه، والعرف أو العادة المستقرة، ورأي الخبير عند الاقتضاء.

(المصدر: حكم رقم 4670367358 لعام 1446هـ | نسبة تأكيد الربط: 27.27%)",4670367358,1446,,pending
أنت مستشار قانوني سعودي، متخصص في الدعاوى (منازعات تجارية - عقود مقاولات) وتحديداً في مسائل (التعويض عن أضرار التقاضي بسبب مماطلة المدين). تقدم إجابات دقيقة.,أنا صاحب شركة مقاولات، نفذت مشروعًا بالكامل ولكن العميل يماطل في سداد المستحقات المتبقية ومبلغ الضمان، مما اضطرني لرفع دعوى قضائية وتكبدت أتعاب محاماة. هل يمكنني المطالبة بتعويض عن هذه الأضرار؟,"نعم، إذا ثبت أن المدعى عليه ماطل في سداد حقك وألجأك لإقامة الدعوى القضائية للحصول على حقك، وتكبدت مصاريف تقاضي (مثل أتعاب المحاماة) بسبب ذلك، فيمكنك المطالبة بالتعويض عن أضرار التقاضي. وتنظر المحكمة في مدى جسامة الضرر ومقدار المبلغ المحكوم به ومماطلة المدعى عليه لتقدير التعويض.

(المصدر: حكم رقم 4670367358 لعام 1446هـ | نسبة تأكيد الربط: 27.27%)",4670367358,1446,,pending
أنت مستشار قانوني سعودي، متخصص في الدعاوى (منازعات تجارية - عقود مقاولات) وتحديداً في مسائل (التعويض عن أضرار التقاضي بسبب مماطلة المدين). تقدم إجابات دقيقة.,ما هي البينات التي يجب تقديمها للمحكمة لإثبات استحقاق التعويض عن أتعاب المحاماة كجزء من أضرار التقاضي؟,"لإثبات استحقاق التعويض عن أتعاب المحاماة، يجب تقديم عقد الأتعاب المبرم مع المحامي كبينة على المصاريف المتكبدة، بالإضافة إلى إثبات مماطلة المدعى عليه في سداد الحق الذي ألجأ المدعي إلى التقاضي.

(المصدر: حكم رقم 4670367358 لعام 1446هـ | نسبة تأكيد الربط: 27.27%)",4670367358,1446,,pending
أنت مستشار قانوني سعودي، متخصص في الدعاوى (منازعة تجارية - إخلال بعقد توريد) وتحديداً في مسائل (الالتزام برد الثمن المدفوع كاملاً في حال إخلال البائع بالتزامه بتسليم المبيع، مما يؤدي إلى فسخ العقد واسترداد ما دفع.). تقدم إجابات دقيقة.,ما هي الآثار القانونية المترتبة على إخلال البائع بالتزامه بتسليم المبيع بعد استلام كامل الثمن؟,"يترتب على إخلال البائع بالتزامه بتسليم المبيع بعد استلام كامل الثمن حق المشتري في المطالبة بفسخ العقد واسترداد الثمن المدفوع كاملاً، بالإضافة إلى إمكانية المطالبة بالتعويض عن أي أضرار لحقت به نتيجة هذا الإخلال.

(المصدر: حكم رقم 4571414135 لعام 1445هـ | نسبة تأكيد الربط: 15.55%)",4571414135,1445,,pending
أنت مستشار قانوني سعودي، متخصص في الدعاوى (منازعة تجارية - إخلال بعقد توريد) وتحديداً في مسائل (الالتزام برد الثمن المدفوع كاملاً في حال إخلال البائع بالتزامه بتسليم المبيع، مما يؤدي إلى فسخ العقد واسترداد ما دفع.). تقدم إجابات دقيقة.,لقد دفعت مبلغاً كبيراً لشركة لتوريد بضائع محددة، ولكن الشركة لم تلتزم بالتسليم في الموعد المتفق عليه ولم أستلم البضاعة حتى الآن. كيف يمكنني استعادة أموالي وحماية حقوقي؟,"في هذه الحالة، يمكنك رفع دعوى قضائية أمام المحكمة التجارية المختصة للمطالبة بفسخ العقد وإلزام الشركة برد المبلغ المدفوع كاملاً، مع تقديم كافة المستندات التي تثبت الاتفاق والدفع وعدم التسليم.

(المصدر: حكم رقم 4571414135 لعام 1445هـ | نسبة تأكيد الربط: 15.55%)",4571414135,1445,,pending
أنت مستشار قانوني سعودي، متخصص في الدعاوى (منازعة تجارية - إخلال بعقد توريد) وتحديداً في مسائل (الالتزام برد الثمن المدفوع كاملاً في حال إخلال البائع بالتزامه بتسليم المبيع، مما يؤدي إلى فسخ العقد واسترداد ما دفع.). تقدم إجابات دقيقة.,ما هي الإجراءات القضائية المتبعة للمطالبة بفسخ عقد توريد واسترداد الثمن بسبب عدم تسليم المبيع؟,"تتضمن الإجراءات القضائية تقديم لائحة دعوى إلى المحكمة التجارية المختصة، مرفقاً بها العقد المبرم، وإثباتات سداد الثمن، وأي مراسلات أو مستندات تدل على عدم التسليم. بعد قيد الدعوى، تنظر الدائرة القضائية في البينات المقدمة وتصدر حكمها بإلزام المدعى عليه برد الثمن في حال ثبوت الإخلال.

(المصدر: حكم رقم 4571414135 لعام 1445هـ | نسبة تأكيد الربط: 15.55%)",4571414135,1445,,pending
أنت مستشار قانوني سعودي، متخصص في الدعاوى (منازعة تجارية - مطالبة مالية بعقد إيجار وتشغيل معدات) وتحديداً في مسائل (يشترط لإلزام المدعى عليه بالتعويض عن أضرار التقاضي تقديم المدعي بينة تثبت تكبده لهذه الأضرار.). تقدم إجابات دقيقة.,ما هي شروط استحقاق التعويض عن أضرار التقاضي في الدعاوى التجارية؟,"يشترط لاستحقاق التعويض عن أضرار التقاضي أن يقدم المدعي بينة تثبت تكبده لهذه الأضرار، وإلا رُفض طلبه.

(المصدر: حكم رقم 4571421314 لعام 1445هـ | نسبة تأكيد الربط: 18.44%)",4571421314,1445,,pending
أنت مستشار قانوني سعودي، متخصص في الدعاوى (منازعة تجارية - مطالبة مالية بعقد إيجار وتشغيل معدات) وتحديداً في مسائل (يشترط لإلزام المدعى عليه بالتعويض عن أضرار التقاضي تقديم المدعي بينة تثبت تكبده لهذه الأضرار.). تقدم إجابات دقيقة.,لدي شركة قامت بتأجير وتشغيل معدات لشركة أخرى بموجب عقد ومستخلصات وفواتير، ولكن الشركة الأخرى لم تسدد المستحقات. ما هي الخطوات التي يجب أن أتخذها لإلزامها بالدفع؟,"يجب عليك تقديم دعوى قضائية مرفقاً بها العقد المبرم، والمستخلصات، والفواتير الصادرة، وأي مراسلات تثبت تنفيذ الأعمال والمبالغ المستحقة. وفي حال عدم إنكار المدعى عليه لهذه المستندات صراحة، فإنها تعد حجة عليه.

(المصدر: حكم رقم 4571421314 لعام 1445هـ | نسبة تأكيد الربط: 18.44%)",4571421314,1445,,pending
أنت مستشار قانوني سعودي، متخصص في الدعاوى (منازعة تجارية - مطالبة مالية بعقد إيجار وتشغيل معدات) وتحديداً في مسائل (يشترط لإلزام المدعى عليه بالتعويض عن أضرار التقاضي تقديم المدعي بينة تثبت تكبده لهذه الأضرار.). تقدم إجابات دقيقة.,في حال عدم حضور المدعى عليه أو عدم تقديم وكالة صحيحة تمكنه من تمثيل الشركة، كيف تتعامل المحكمة مع الدعوى؟,"إذا لم يحضر المدعى عليه أو من يمثله بوكالة صحيحة بعد إمهاله، فإن المحكمة تمضي في نظر الدعوى حضورياً، وتعتبر المستندات المقدمة من المدعي حجة على المدعى عليه ما لم ينكرها صراحة.

(المصدر: حكم رقم 4571421314 لعام 1445هـ | نسبة تأكيد الربط: 18.44%)",4571421314,1445,,pending
أنت مستشار قانوني سعودي، متخصص في الدعاوى (قضية تجارية) وتحديداً في مسائل (مسؤولية مدير الشركة عن مخالفة أحكام نظام الشركات المتعلقة ببيان صفة الشركة ورأس مالها في التعاملات، وما يترتب عليها من تعويض.). تقدم إجابات دقيقة.,ما هي مسؤولية مدير الشركة في حال عدم التزامه ببيان صفة الشركة ذات المسؤولية المحدودة ورأس مالها في العقود؟,"يتحمل مدير الشركة مسؤولية تضامنية عن الأضرار الناتجة عن عدم التزامه ببيان صفة الشركة ذات المسؤولية المحدودة ومقدار رأس مالها في تعاملاتها وعقودها، وذلك وفقاً لأحكام نظام الشركات.

(المصدر: حكم رقم 4570505048 لعام 1445هـ | نسبة تأكيد الربط: 41.99%)",4570505048,1445,,pending
أنت مستشار قانوني سعودي، متخصص في الدعاوى (قضية تجارية) وتحديداً في مسائل (مسؤولية مدير الشركة عن مخالفة أحكام نظام الشركات المتعلقة ببيان صفة الشركة ورأس مالها في التعاملات، وما يترتب عليها من تعويض.). تقدم إجابات دقيقة.,أنا صاحب شركة صغيرة وتعاقدت مع شركة أخرى، واكتشفت لاحقاً أن مدير الشركة المتعاقد معها لم يوضح في العقد أن شركته ذات مسؤولية محدودة ولم يذكر رأس مالها. هل يمكنني مقاضاة المدير شخصياً للمطالبة بالتعويض عن أي ضرر يلحق بي؟,"نعم، في هذه الحالة، يمكنك المطالبة بإثبات مسؤولية مدير الشركة شخصياً وتضامنياً مع الشركة عن الأضرار التي لحقت بك، وذلك لمخالفته أحكام نظام الشركات التي توجب بيان صفة الشركة ورأس مالها في التعاملات.

(المصدر: حكم رقم 4570505048 لعام 1445هـ | نسبة تأكيد الربط: 41.99%)",4570505048,1445,,pending
أنت مستشار قانوني سعودي، متخصص في الدعاوى (قضية تجارية) وتحديداً في مسائل (مسؤولية مدير الشركة عن مخالفة أحكام نظام الشركات المتعلقة ببيان صفة الشركة ورأس مالها في التعاملات، وما يترتب عليها من تعويض.). تقدم إجابات دقيقة.,ما هي الإجراءات القضائية المتبعة لإثبات مسؤولية مدير شركة عن مخالفة أحكام نظام الشركات والمطالبة بالتعويض؟,"تتضمن الإجراءات القضائية تقديم صحيفة دعوى إلى المحكمة التجارية المختصة، تتضمن تفاصيل المخالفة المرتكبة من قبل المدير (مثل عدم بيان صفة الشركة أو رأس مالها في العقد)، وتقدير مبلغ التعويض المطلوب، وتقديم المستندات الداعمة كالعقود والوثائق التجارية، ثم يتم تبليغ المدعى عليه وحضور الجلسات لتقديم البينات والدفوع قبل إصدار الحكم.

(المصدر: حكم رقم 4570505048 لعام 1445هـ | نسبة تأكيد الربط: 41.99%)",4570505048,1445,,pending
أنت مستشار قانوني سعودي، متخصص في الدعاوى (نزاع تجاري (مطالبة بقيمة بضاعة وأتعاب محاماة)) وتحديداً في مسائل (سلطة المحكمة التقديرية في تقدير التعويض عن مصاريف التقاضي (أتعاب المحاماة) بناءً على معايير محددة، حتى في حال عدم تقديم عقد المحاماة.). تقدم إجابات دقيقة.,ما هي المعايير التي تأخذها المحكمة في الاعتبار عند تقدير التعويض عن مصاريف التقاضي (أتعاب المحاماة)؟,"تستند المحكمة في تقدير التعويض عن مصاريف التقاضي إلى عدة معايير منها: جسامة الضرر، مقدار المبلغ المحكوم به، مماطلة المحكوم عليه، العرف والعادة المستقرة، ورأي الخبير عند الاقتضاء، وذلك وفقاً للمادة (164) من اللائحة التنفيذية لنظام المحاكم التجارية.

(المصدر: حكم رقم ٤٦٧٠٠٩٧١٢٤ لعام ١٤٤٦هـ | نسبة تأكيد الربط: 29.25%)",٤٦٧٠٠٩٧١٢٤,١٤٤٦,,pending
أنت مستشار قانوني سعودي، متخصص في الدعاوى (نزاع تجاري (مطالبة بقيمة بضاعة وأتعاب محاماة)) وتحديداً في مسائل (سلطة المحكمة التقديرية في تقدير التعويض عن مصاريف التقاضي (أتعاب المحاماة) بناءً على معايير محددة، حتى في حال عدم تقديم عقد المحاماة.). تقدم إجابات دقيقة.,أنا صاحب شركة ربحت قضية تجارية ضد عميل مماطل، وتكبدت أتعاب محاماة كبيرة. هل يمكنني المطالبة بتعويض عن هذه الأتعاب، وما الذي يجب علي تقديمه للمحكمة لإثبات حقي؟,"نعم، يمكنك المطالبة بتعويض عن أتعاب المحاماة كجزء من مصاريف التقاضي. يجب عليك تقديم ما يثبت هذه الأتعاب، مثل عقد المحاماة أو فواتير الدفع، وستقوم المحكمة بتقدير التعويض بناءً على عدة معايير منها جسامة الضرر ومقدار المبلغ المحكوم به ومماطلة الطرف الآخر.

(المصدر: حكم رقم ٤٦٧٠٠٩٧١٢٤ لعام ١٤٤٦هـ | نسبة تأكيد الربط: 29.25%)",٤٦٧٠٠٩٧١٢٤,١٤٤٦,,pending
أنت مستشار قانوني سعودي، متخصص في الدعاوى (نزاع تجاري (مطالبة بقيمة بضاعة وأتعاب محاماة)) وتحديداً في مسائل (سلطة المحكمة التقديرية في تقدير التعويض عن مصاريف التقاضي (أتعاب المحاماة) بناءً على معايير محددة، حتى في حال عدم تقديم عقد المحاماة.). تقدم إجابات دقيقة.,في حال عدم تقديم عقد أتعاب المحاماة للمحكمة، كيف يتم تقدير التعويض عن هذه الأتعاب؟,"في حال عدم تقديم عقد أتعاب المحاماة، فإن المحكمة تمارس سلطتها التقديرية في تقدير قيمة أتعاب المحاماة بناءً على الجهد المبذول في الدعوى، مع الأخذ في الاعتبار المعايير المنصوص عليها في المادة (164) من اللائحة التنفيذية لنظام المحاكم التجارية والمادة (26) من نظام المحاماة.

(المصدر: حكم رقم ٤٦٧٠٠٩٧١٢٤ لعام ١٤٤٦هـ | نسبة تأكيد الربط: 29.25%)",٤٦٧٠٠٩٧١٢٤,١٤٤٦,,pending
أنت مستشار قانوني سعودي، متخصص في الدعاوى (منازعات عقود تجارية وشركات) وتحديداً في مسائل (يجوز فسخ الاتفاقية في حال إخلال أحد الأطراف بالتزاماته التعاقدية أو استحالة تنفيذ بنودها، خاصة إذا أدى ذلك إلى زيادة الأعباء المالية أو انقضاء الكيان القانوني محل الاتفاق.). تقدم إجابات دقيقة.,ما هي الأسباب التي تبرر فسخ اتفاقية تجارية؟,"تبرر الأسباب التالية فسخ اتفاقية تجارية: إخلال أحد الأطراف بالتزاماته التعاقدية، استحالة تنفيذ بنود الاتفاقية، أو انقضاء الكيان القانوني محل الاتفاق مما يجعل تنفيذه مستحيلاً، بالإضافة إلى تراكم الأعباء المالية نتيجة عدم الالتزام.

(المصدر: حكم رقم 4570646221 لعام 1445هـ | نسبة تأكيد الربط: 21.6%)",4570646221,1445,,pending
أنت مستشار قانوني سعودي، متخصص في الدعاوى (منازعات عقود تجارية وشركات) وتحديداً في مسائل (يجوز فسخ الاتفاقية في حال إخلال أحد الأطراف بالتزاماته التعاقدية أو استحالة تنفيذ بنودها، خاصة إذا أدى ذلك إلى زيادة الأعباء المالية أو انقضاء الكيان القانوني محل الاتفاق.). تقدم إجابات دقيقة.,أبرمتُ اتفاقية مع شريكي لتصفية حقوقنا في شركة، وتضمن الاتفاق التزامات محددة عليه لم ينفذها، والآن أصبحت الشركة منقضية نظاماً وتتراكم عليها الديون. ما هو الإجراء القانوني الذي يمكنني اتخاذه؟,"يمكنك رفع دعوى قضائية للمطالبة بفسخ الاتفاقية المبرمة بينكما، مستنداً إلى إخلال شريكك بالتزاماته التعاقدية واستحالة تنفيذ بنود الاتفاقية بسبب انقضاء الشركة نظاماً وتراكم الأعباء المالية، مع تقديم كافة المراسلات والمستندات التي تثبت ذلك.

(المصدر: حكم رقم 4570646221 لعام 1445هـ | نسبة تأكيد الربط: 21.6%)",4570646221,1445,,pending
أنت مستشار قانوني سعودي، متخصص في الدعاوى (منازعات عقود تجارية وشركات) وتحديداً في مسائل (يجوز فسخ الاتفاقية في حال إخلال أحد الأطراف بالتزاماته التعاقدية أو استحالة تنفيذ بنودها، خاصة إذا أدى ذلك إلى زيادة الأعباء المالية أو انقضاء الكيان القانوني محل الاتفاق.). تقدم إجابات دقيقة.,في دعوى فسخ اتفاقية، ما هي الإجراءات التي تتخذها المحكمة للفصل في القضية إذا تغيب المدعى عليه عن الجلسات رغم تبلغه؟,"بعد التأكد من صحة تبليغ المدعى عليه إلكترونياً، تمضي الدائرة في نظر الدعوى والحكم فيها حضورياً في مواجهته، وتستند في ذلك إلى الأنظمة والقرارات المنظمة للتبليغات القضائية الإلكترونية التي تعتبر منتجة لآثارها النظامية.

(المصدر: حكم رقم 4570646221 لعام 1445هـ | نسبة تأكيد الربط: 21.6%)",4570646221,1445,,pending
أنت مستشار قانوني سعودي، متخصص في الدعاوى (مطالبة مالية تجارية) وتحديداً في مسائل (اليمين الحاسمة في الدعاوى التجارية). تقدم إجابات دقيقة.,ما هو الأثر القانوني لأداء المدعي اليمين الحاسمة في دعوى مطالبة مالية تجارية؟,"يؤدي أداء المدعي لليمين الحاسمة، بعد طلب المحكمة وتذكيره بعظمها، إلى إثبات صحة دعواه ومطالبته المالية، خاصة في حال غياب المدعى عليه وثبوت تبلغه ونكوله عن الحضور أو تقديم دفاع، مما يمكن المحكمة من إصدار حكم لصالح المدعي بناءً على هذه اليمين والبينات المقدمة.

(المصدر: حكم رقم 4570756958 لعام 1445هـ | نسبة تأكيد الربط: 32.6%)",4570756958,1445,,pending
